User,Messages,Characters,First Message,Join Date,Start Date,Days in Server,Norm_Score,Total_Tickets_Capped,Max_Allowed_Tickets,Bonus_Tickets,Final_Tickets_With_Bonus
smuttykurisu,9708,413927,2025-02-01 00:48:19.709000+00:00,2024-03-05 04:28:07.771000+00:00,2024-03-05 04:28:07.771000+00:00,111,47.351814395223265,47,555,7,50
thandy07,2350,99039,2025-05-11 04:09:33.991000+00:00,2025-05-11 04:03:22.630000+00:00,2025-05-11 04:03:22.630000+00:00,12,47.04890104484107,47,60,0,47
foxxily.,4608,199522,2025-02-01 00:02:33.396000+00:00,2024-09-25 08:00:18.593000+00:00,2024-09-25 08:00:18.593000+00:00,111,23.849874766089968,24,555,7,31
sakurarain,4351,214558,2025-02-01 01:02:16.138000+00:00,2024-11-11 18:30:09.987000+00:00,2024-11-11 18:30:09.987000+00:00,111,23.402454813845978,23,555,7,30
.orangebee,1380,53287,2025-05-05 06:42:26.934000+00:00,2025-05-05 06:41:44.065000+00:00,2025-05-05 06:41:44.065000+00:00,18,28.244670304669988,28,90,1,29
somnus.,4172,178260,2025-02-01 07:49:09.210000+00:00,2024-10-02 05:34:13.208000+00:00,2024-10-02 05:34:13.208000+00:00,111,21.683179709247554,22,555,7,29
spiceymolly,3455,146211,2025-02-01 13:02:29.280000+00:00,2024-05-01 09:23:06.709000+00:00,2024-05-01 09:23:06.709000+00:00,111,18.171705966462742,18,555,7,25
jinkmsu,3224,144818,2025-02-01 01:45:39.824000+00:00,2024-05-02 23:07:57.979000+00:00,2024-05-02 23:07:57.979000+00:00,111,17.2977791707264,17,555,7,24
herrscherdesendes,1479,102650,2025-03-30 08:26:04.613000+00:00,2025-03-30 08:25:23.048000+00:00,2025-03-30 08:25:23.048000+00:00,54,19.536531165293784,20,270,3,23
terrublespellung,2295,99085,2025-02-01 01:04:20.087000+00:00,2024-04-01 23:30:51.359000+00:00,2024-04-01 23:30:51.359000+00:00,111,12.51185927810949,13,555,7,20
mr_funny,854,45005,2025-05-18 22:46:20.895000+00:00,2025-05-18 12:58:59.594000+00:00,2025-05-18 12:58:59.594000+00:00,5,19.494641390154136,19,25,0,19
evilmclaren722,2366,64155,2025-02-01 00:02:43.222000+00:00,2023-12-01 20:43:41.669000+00:00,2023-12-01 20:43:41.669000+00:00,111,11.728025644035752,12,555,7,19
iiluciferii6969,1448,41679,2025-02-01 00:10:26.925000+00:00,2024-06-04 05:13:45.142000+00:00,2024-06-04 05:13:45.142000+00:00,111,7.552030384811978,8,555,7,15
diamondcbb,1487,46745,2025-02-04 03:34:31.804000+00:00,2024-09-29 09:04:36.540000+00:00,2024-09-29 09:04:36.540000+00:00,111,7.856682845663248,8,555,7,15
branislovebranislife,1295,80381,2025-02-01 01:18:58.626000+00:00,2024-04-25 13:36:10.121000+00:00,2024-04-25 13:36:10.121000+00:00,111,8.111809310263503,8,555,7,15
sanderzenhd,1210,30739,2025-03-05 04:36:36.042000+00:00,2025-03-05 04:33:22.249000+00:00,2025-03-05 04:33:22.249000+00:00,79,8.82847407165805,9,395,5,14
foxyplayer_,930,45910,2025-03-28 10:58:56.781000+00:00,2025-03-18 00:49:13.927000+00:00,2025-03-18 00:49:13.927000+00:00,66,9.432307787812078,9,330,4,13
gamerboy79,918,35984,2025-02-03 20:52:32.881000+00:00,2024-08-02 08:57:00.492000+00:00,2024-08-02 08:57:00.492000+00:00,111,5.2611699708803625,5,555,7,12
ultimatephantom,615,21315,2025-02-01 01:48:46.303000+00:00,2024-04-05 14:56:59.795000+00:00,2024-04-05 14:56:59.795000+00:00,111,3.555265053381466,4,555,7,11
liight12,416,21443,2025-05-04 08:21:49.467000+00:00,2025-05-04 00:19:43.394000+00:00,2025-05-04 00:19:43.394000+00:00,19,9.96942730763821,10,95,1,11
jayking543,689,24267,2025-02-01 03:52:44.935000+00:00,2024-12-25 18:51:37.336000+00:00,2024-12-25 18:51:37.336000+00:00,111,3.9577854007860065,4,555,7,11
communist_horse,505,23923,2025-02-01 23:42:39.259000+00:00,2024-06-13 09:22:05.546000+00:00,2024-06-13 09:22:05.546000+00:00,111,3.1598102145126745,3,555,7,10
hwaitinghoshino,470,22590,2025-02-01 00:57:48.319000+00:00,2025-01-31 09:05:11.099000+00:00,2025-01-31 09:05:11.099000+00:00,111,2.9669530826678785,3,555,7,10
_hanja_,482,22257,2025-04-03 23:28:33.107000+00:00,2024-05-01 05:57:12.932000+00:00,2024-05-01 05:57:12.932000+00:00,111,3.009475093698153,3,555,7,10
lowry1793,463,28022,2025-03-20 20:02:34.383000+00:00,2025-03-20 19:54:53.349000+00:00,2025-03-20 19:54:53.349000+00:00,63,5.460806383595038,5,315,4,9
wings_of_hermes2501,241,9529,2025-02-05 23:24:30.181000+00:00,2024-03-18 07:07:55.378000+00:00,2024-03-18 07:07:55.378000+00:00,111,1.5407188225114645,2,555,7,9
brojack,302,13393,2025-03-13 14:40:40.915000+00:00,2024-03-12 17:07:04.840000+00:00,2024-03-12 17:07:04.840000+00:00,111,1.9392254682467231,2,555,7,9
mrkrabs06,235,13180,2025-02-04 17:48:38.627000+00:00,2024-04-02 03:06:01.999000+00:00,2024-04-02 03:06:01.999000+00:00,111,1.622212613340461,2,555,7,9
bujiraso,248,13467,2025-02-04 13:28:18.555000+00:00,2024-05-06 12:06:07.042000+00:00,2024-05-06 12:06:07.042000+00:00,111,1.6917255734906693,2,555,7,9
pfist,289,18397,2025-02-12 19:59:07.602000+00:00,2024-07-02 19:36:24.713000+00:00,2024-07-02 19:36:24.713000+00:00,111,2.02981818822,2,555,7,9
xenohin_39619,445,12892,2025-05-18 00:27:09.830000+00:00,2025-05-18 00:22:27.256000+00:00,2025-05-18 00:22:27.256000+00:00,5,9.493701223515263,9,25,0,9
skye324,200,8630,2025-02-04 02:40:23.858000+00:00,2024-04-24 20:50:04.312000+00:00,2024-04-24 20:50:04.312000+00:00,111,1.3198871206951497,1,555,7,8
gasarocky,102,9322,2025-04-08 02:19:48.126000+00:00,2024-09-26 22:29:26.221000+00:00,2024-09-26 22:29:26.221000+00:00,111,0.8585915632473244,1,555,7,8
aero_hybrid,80,4203,2025-02-28 10:09:42.230000+00:00,2024-07-22 17:38:58.002000+00:00,2024-07-22 17:38:58.002000+00:00,111,0.5912216303770926,1,555,7,8
kronium5196,230,7601,2025-02-04 17:30:29.522000+00:00,2024-09-13 23:00:25.511000+00:00,2024-09-13 23:00:25.511000+00:00,111,1.4311653177389876,1,555,7,8
zindan_ineshi,91,6166,2025-02-11 23:33:28.420000+00:00,2024-04-29 13:56:05.193000+00:00,2024-04-29 13:56:05.193000+00:00,111,0.707337999602147,1,555,7,8
impurfect,140,8348,2025-02-01 22:27:46.673000+00:00,2024-03-26 09:25:41.394000+00:00,2024-03-26 09:25:41.394000+00:00,111,1.0201616847342352,1,555,7,8
playstation.6,185,7635,2025-02-27 22:47:30.652000+00:00,2025-02-27 22:45:51.846000+00:00,2025-02-27 22:45:51.846000+00:00,84,1.6096743202163943,2,420,6,8
tellzlb,127,6347,2025-02-11 13:42:28.634000+00:00,2024-05-30 04:36:36.010000+00:00,2024-05-30 04:36:36.010000+00:00,111,0.8954565504517714,1,555,7,8
amazingmysteryy,283,14984,2025-03-04 03:22:45.255000+00:00,2025-03-03 23:19:08.185000+00:00,2025-03-03 23:19:08.185000+00:00,80,2.6358229958537187,3,400,5,8
marvelousmaddog,236,6322,2025-02-06 13:23:57.813000+00:00,2024-08-26 00:24:14.157000+00:00,2024-08-26 00:24:14.157000+00:00,111,1.4209625850780305,1,555,7,8
m4a3e8,80,4848,2025-02-06 23:50:54.664000+00:00,2024-04-07 21:35:30.799000+00:00,2024-04-07 21:35:30.799000+00:00,111,0.610590999746462,1,555,7,8
nate_yukimura,167,4523,2025-03-31 22:35:21.739000+00:00,2024-06-01 11:33:43.703000+00:00,2024-06-01 11:33:43.703000+00:00,111,1.0376499428575567,1,555,7,8
pete_poka,160,7093,2025-02-16 10:36:21.634000+00:00,2024-07-23 16:49:39.944000+00:00,2024-07-23 16:49:39.944000+00:00,111,1.0807337883136725,1,555,7,8
elissamai,76,3196,2025-03-31 21:10:10.567000+00:00,2024-11-22 06:18:26.369000+00:00,2024-11-22 06:18:26.369000+00:00,111,0.540002848333048,1,555,7,8
lionheart999_9,129,11016,2025-02-15 23:11:13.429000+00:00,2025-01-23 14:47:33.591000+00:00,2025-01-23 14:47:33.591000+00:00,111,1.0456490238322165,1,555,7,8
thrashinuva,117,9045,2025-02-01 07:07:44.945000+00:00,2024-04-18 08:14:49.479000+00:00,2024-04-18 08:14:49.479000+00:00,111,0.926324570096382,1,555,7,8
7acidangel,86,6211,2025-02-05 07:06:10.476000+00:00,2025-01-28 22:12:45.286000+00:00,2025-01-28 22:12:45.286000+00:00,111,0.682795206697999,1,555,7,8
tomboss,64,4053,2025-02-10 05:35:22.545000+00:00,2025-01-01 04:09:15.032000+00:00,2025-01-01 04:09:15.032000+00:00,111,0.5021103886912849,1,555,7,8
fahim3364,122,11457,2025-02-03 01:53:47.363000+00:00,2024-09-28 19:58:53.727000+00:00,2024-09-28 19:58:53.727000+00:00,111,1.0238849045319713,1,555,7,8
niekvorgers,1,58,2025-05-20 14:14:16.293000+00:00,2024-05-10 14:49:50.560000+00:00,2024-05-10 14:49:50.560000+00:00,111,0.010750750750750751,0,555,7,7
gabe.m,1,0,2025-05-07 19:26:41.147000+00:00,2024-06-02 20:24:54.681000+00:00,2024-06-02 20:24:54.681000+00:00,111,0.009009009009009009,0,555,7,7
rokai12x,2,142,2025-02-08 01:12:03.593000+00:00,2025-02-07 22:02:47.608000+00:00,2025-02-07 22:02:47.608000+00:00,104,0.022494224196220654,0,520,7,7
ariand,2,31,2025-05-17 14:00:32.812000+00:00,2024-05-04 06:01:34.790000+00:00,2024-05-04 06:01:34.790000+00:00,111,0.01774233618384638,0,555,7,7
crank_4k,3,60,2025-05-12 19:51:47.082000+00:00,2024-04-26 16:45:56.841000+00:00,2024-04-26 16:45:56.841000+00:00,111,0.02601689531101159,0,555,7,7
5iau,1,17,2025-04-26 14:50:14.964000+00:00,2024-04-28 21:09:41.248000+00:00,2024-04-28 21:09:41.248000+00:00,111,0.00951951951951952,0,555,7,7
kyhomi,1,1,2025-04-11 11:34:20.255000+00:00,2024-04-26 12:34:50.521000+00:00,2024-04-26 12:34:50.521000+00:00,111,0.00903903903903904,0,555,7,7
konjiki_no_yami_,1,8,2025-03-25 10:36:34.990000+00:00,2024-11-21 15:43:05.139000+00:00,2024-11-21 15:43:05.139000+00:00,111,0.009249249249249249,0,555,7,7
gh0stlander,4,307,2025-04-13 00:56:51.622000+00:00,2024-04-27 06:38:34.739000+00:00,2024-04-27 06:38:34.739000+00:00,111,0.04059041068934982,0,555,7,7
ninjafatguy,4,1116,2025-05-17 22:49:56.094000+00:00,2024-11-20 07:52:26.537000+00:00,2024-11-20 07:52:26.537000+00:00,111,0.06488470498364411,0,555,7,7
shinobu4,1,71,2025-05-15 17:29:22.167000+00:00,2024-04-30 12:08:43.563000+00:00,2024-04-30 12:08:43.563000+00:00,111,0.01114114114114114,0,555,7,7
novakova_753,6,560,2025-04-01 05:01:30.891000+00:00,2024-08-31 04:36:40.214000+00:00,2024-08-31 04:36:40.214000+00:00,111,0.06200377909129989,0,555,7,7
the_last_ronin_001,5,136,2025-02-12 18:07:24.996000+00:00,2024-04-27 03:21:19.390000+00:00,2024-04-27 03:21:19.390000+00:00,111,0.042432729242677984,0,555,7,7
zerxsdotdash,19,802,2025-02-28 15:45:47.702000+00:00,2024-06-20 06:03:52.540000+00:00,2024-06-20 06:03:52.540000+00:00,111,0.15159731854684586,0,555,7,7
m4tt3_bl4ck_001,2,150,2025-05-22 20:27:45.390000+00:00,2024-12-17 06:53:32.021000+00:00,2024-12-17 06:53:32.021000+00:00,111,0.021315909757419954,0,555,7,7
mcpblackheart,8,577,2025-02-05 00:19:28.996000+00:00,2025-02-05 00:12:56.205000+00:00,2025-02-05 00:12:56.205000+00:00,107,0.07870422901105811,0,535,7,7
notoriousnemo,1,129,2025-04-19 02:03:10.404000+00:00,2024-05-07 23:34:07.513000+00:00,2024-05-07 23:34:07.513000+00:00,111,0.012882882882882883,0,555,7,7
pandabro209,3,46,2025-04-16 06:25:28.227000+00:00,2024-12-03 09:47:04.583000+00:00,2024-12-03 09:47:04.583000+00:00,111,0.02559647489059117,0,555,7,7
quadhex,12,364,2025-02-09 00:35:09.665000+00:00,2024-05-02 09:35:12.292000+00:00,2024-05-02 09:35:12.292000+00:00,111,0.09525278410977454,0,555,7,7
tjpockets,21,960,2025-04-16 05:09:03.569000+00:00,2024-10-04 05:08:21.834000+00:00,2024-10-04 05:08:21.834000+00:00,111,0.1683610110555742,0,555,7,7
eclipsejirachi,1,0,2025-04-01 02:56:47.600000+00:00,2024-05-12 13:53:41.142000+00:00,2024-05-12 13:53:41.142000+00:00,111,0.009009009009009009,0,555,7,7
reallyangry,3,149,2025-05-01 20:31:27.709000+00:00,2024-04-30 01:29:54.906000+00:00,2024-04-30 01:29:54.906000+00:00,111,0.028689567983684265,0,555,7,7
ghosty1988,8,275,2025-02-21 06:42:10.813000+00:00,2025-01-03 14:17:36.400000+00:00,2025-01-03 14:17:36.400000+00:00,111,0.06679897150915812,0,555,7,7
kri1927,9,870,2025-05-21 06:19:19.321000+00:00,2024-03-11 17:09:46.267000+00:00,2024-03-11 17:09:46.267000+00:00,111,0.09121327978236105,0,555,7,7
bebeby,3,195,2025-05-18 22:59:33.934000+00:00,2024-02-09 17:59:33.958000+00:00,2024-02-09 17:59:33.958000+00:00,111,0.030070949365065644,0,555,7,7
yokotel,2,73,2025-02-12 22:40:23.518000+00:00,2024-11-30 04:29:59.548000+00:00,2024-11-30 04:29:59.548000+00:00,111,0.019003597445107642,0,555,7,7
muffinman702,1,15,2025-04-01 16:02:07.031000+00:00,2024-11-20 08:12:08.353000+00:00,2024-11-20 08:12:08.353000+00:00,111,0.00945945945945946,0,555,7,7
floatingg,1,0,2025-04-08 18:12:44.119000+00:00,2024-03-09 02:51:10.139000+00:00,2024-03-09 02:51:10.139000+00:00,111,0.009009009009009009,0,555,7,7
maliciousunderperformer,1,95,2025-05-22 23:47:47.792000+00:00,2024-05-08 11:09:26.996000+00:00,2024-05-08 11:09:26.996000+00:00,111,0.011861861861861861,0,555,7,7
fenrirthedemigod,25,1199,2025-02-19 17:02:08.318000+00:00,2024-10-26 00:03:00.616000+00:00,2024-10-26 00:03:00.616000+00:00,111,0.19924466899647797,0,555,7,7
hkmotendra,23,1010,2025-02-14 20:28:57.376000+00:00,2024-04-13 16:22:01.914000+00:00,2024-04-13 16:22:01.914000+00:00,111,0.1817673568510191,0,555,7,7
big_milk_,9,707,2025-05-12 18:03:02.001000+00:00,2024-04-30 13:14:46.349000+00:00,2024-04-30 13:14:46.349000+00:00,111,0.08631838488746615,0,555,7,7
bonds4ever,5,443,2025-02-01 21:47:09.948000+00:00,2025-01-01 21:40:26.336000+00:00,2025-01-01 21:40:26.336000+00:00,111,0.051651948461897204,0,555,7,7
mrn7.,1,35,2025-05-12 18:07:47.551000+00:00,2024-04-05 15:51:53.842000+00:00,2024-04-05 15:51:53.842000+00:00,111,0.01006006006006006,0,555,7,7
luke77_7,28,5544,2025-05-09 23:43:58.667000+00:00,2024-10-14 09:24:23.225000+00:00,2024-10-14 09:24:23.225000+00:00,111,0.34725352763854955,0,555,7,7
justjuan8961,10,591,2025-03-23 06:46:12.734000+00:00,2024-11-21 02:23:51.751000+00:00,2024-11-21 02:23:51.751000+00:00,111,0.0893088499751605,0,555,7,7
nerdmessiah,1,57,2025-05-13 01:04:34.814000+00:00,2024-08-01 01:19:01.030000+00:00,2024-08-01 01:19:01.030000+00:00,111,0.01072072072072072,0,555,7,7
m3g474rd,3,184,2025-04-01 15:55:35.334000+00:00,2024-06-02 20:20:40.513000+00:00,2024-06-02 20:20:40.513000+00:00,111,0.029740619034735315,0,555,7,7
jose_1997x,2,30,2025-03-16 04:38:03.398000+00:00,2024-12-01 02:18:40.471000+00:00,2024-12-01 02:18:40.471000+00:00,111,0.017712306153816353,0,555,7,7
marquixse,8,372,2025-05-10 01:59:53.049000+00:00,2024-05-21 02:19:05.318000+00:00,2024-05-21 02:19:05.318000+00:00,111,0.06971188442207103,0,555,7,7
doublehexagon,19,551,2025-05-15 09:31:07.306000+00:00,2024-05-16 08:55:21.504000+00:00,2024-05-16 08:55:21.504000+00:00,111,0.14405978100930833,0,555,7,7
barcodedghost,4,118,2025-04-10 21:44:27.880000+00:00,2024-11-27 22:12:27.934000+00:00,2024-11-27 22:12:27.934000+00:00,111,0.03491473501367415,0,555,7,7
hammy7179,11,492,2025-02-21 05:35:40.435000+00:00,2024-08-20 03:05:20.559000+00:00,2024-08-20 03:05:20.559000+00:00,111,0.09274529607355401,0,555,7,7
drakuma_0z,32,1422,2025-03-14 19:09:58.484000+00:00,2024-05-07 05:39:04.340000+00:00,2024-05-07 05:39:04.340000+00:00,111,0.24655330628801372,0,555,7,7
toxick1ng666,1,56,2025-02-13 13:04:08.516000+00:00,2025-01-19 13:46:35.356000+00:00,2025-01-19 13:46:35.356000+00:00,111,0.010690690690690691,0,555,7,7
samaelcrescent,3,127,2025-02-02 00:25:02.578000+00:00,2024-11-20 18:02:36.486000+00:00,2024-11-20 18:02:36.486000+00:00,111,0.028028907323023603,0,555,7,7
usagikohizeri,14,598,2025-02-03 17:37:28.569000+00:00,2024-08-18 19:54:00.236000+00:00,2024-08-18 19:54:00.236000+00:00,111,0.1148286167619516,0,555,7,7
kutrey,11,1642,2025-02-03 20:30:48.161000+00:00,2024-04-23 21:11:02.184000+00:00,2024-04-23 21:11:02.184000+00:00,111,0.12727983060808856,0,555,7,7
tfa02,7,110,2025-03-18 15:49:30.391000+00:00,2024-12-25 14:37:48.025000+00:00,2024-12-25 14:37:48.025000+00:00,111,0.055215004005567364,0,555,7,7
hi5kba,3,1062,2025-05-15 14:05:28.621000+00:00,2024-05-24 23:03:31.408000+00:00,2024-05-24 23:03:31.408000+00:00,111,0.05610698540110168,0,555,7,7
sotavapi2000,6,208,2025-05-15 10:56:25.664000+00:00,2024-12-23 18:45:36.569000+00:00,2024-12-23 18:45:36.569000+00:00,111,0.051433208520729315,0,555,7,7
kcfusion,2,342,2025-05-15 16:51:45.104000+00:00,2024-04-16 17:52:09.875000+00:00,2024-04-16 17:52:09.875000+00:00,111,0.027081675523185723,0,555,7,7
agendo,2,77,2025-05-07 02:47:54.445000+00:00,2024-04-26 22:26:10.196000+00:00,2024-04-26 22:26:10.196000+00:00,111,0.019123717565227762,0,555,7,7
hierarcharia,22,1361,2025-03-19 01:14:03.841000+00:00,2024-07-18 23:44:57.300000+00:00,2024-07-18 23:44:57.300000+00:00,111,0.18636900834903958,0,555,7,7
_doomstrike,1,66,2025-04-08 01:17:08.762000+00:00,2024-05-22 20:02:30.974000+00:00,2024-05-22 20:02:30.974000+00:00,111,0.010990990990990991,0,555,7,7
pantherunit01,3,198,2025-05-12 22:24:13.125000+00:00,2024-10-15 22:13:27.595000+00:00,2024-10-15 22:13:27.595000+00:00,111,0.030161039455155733,0,555,7,7
fishwasher,17,608,2025-02-16 15:50:08.826000+00:00,2024-04-21 10:39:27.877000+00:00,2024-04-21 10:39:27.877000+00:00,111,0.13362511243596695,0,555,7,7
angelvaloel,32,829,2025-05-19 12:38:53.647000+00:00,2023-05-24 18:54:32.423000+00:00,2023-05-24 18:54:32.423000+00:00,111,0.22874549848020592,0,555,7,7
laevatheinn,3,56,2025-02-09 06:21:41+00:00,2024-04-28 07:26:24.011000+00:00,2024-04-28 07:26:24.011000+00:00,111,0.02589677519089147,0,555,7,7
soom11,2,73,2025-04-22 22:10:53.429000+00:00,2024-08-25 20:44:51.960000+00:00,2024-08-25 20:44:51.960000+00:00,111,0.019003597445107642,0,555,7,7
takieagle,26,1570,2025-02-09 01:18:56.797000+00:00,2025-02-09 01:18:18.598000+00:00,2025-02-09 01:18:18.598000+00:00,103,0.233046997682104,0,515,7,7
joy_plus,2,14,2025-05-12 19:40:26.885000+00:00,2024-04-14 12:30:49.931000+00:00,2024-04-14 12:30:49.931000+00:00,111,0.017231825673335872,0,555,7,7
manyperegrine81,9,909,2025-02-08 17:09:26.459000+00:00,2024-03-10 21:36:01.715000+00:00,2024-03-10 21:36:01.715000+00:00,111,0.09238445095353222,0,555,7,7
raccoon6266,20,1230,2025-03-31 14:06:18.685000+00:00,2024-04-17 21:33:09.271000+00:00,2024-04-17 21:33:09.271000+00:00,111,0.17047467551476536,0,555,7,7
tlscory,3,220,2025-04-03 21:01:07.205000+00:00,2024-12-10 12:44:40.567000+00:00,2024-12-10 12:44:40.567000+00:00,111,0.030821700115816395,0,555,7,7
jraptor22,24,598,2025-05-23 01:25:42.848000+00:00,2024-05-18 04:04:21.507000+00:00,2024-05-18 04:04:21.507000+00:00,111,0.17530809980472578,0,555,7,7
ultrars,2,89,2025-03-16 18:38:01.650000+00:00,2024-09-24 23:18:53.483000+00:00,2024-09-24 23:18:53.483000+00:00,111,0.019484077925588122,0,555,7,7
nomenklatura,4,195,2025-02-10 23:07:11.774000+00:00,2025-02-10 23:06:17.513000+00:00,2025-02-10 23:06:17.513000+00:00,101,0.0409128935958861,0,505,7,7
counterbloxpro19,34,1899,2025-05-05 05:40:33.081000+00:00,2024-09-27 04:14:43.247000+00:00,2024-09-27 04:14:43.247000+00:00,111,0.2723091891822633,0,555,7,7
elalexrg,1,20,2025-02-02 07:15:38.355000+00:00,2024-05-01 19:57:45.136000+00:00,2024-05-01 19:57:45.136000+00:00,111,0.00960960960960961,0,555,7,7
alexandrathedork,1,30,2025-05-16 17:49:41.961000+00:00,2024-05-09 23:52:34.045000+00:00,2024-05-09 23:52:34.045000+00:00,111,0.00990990990990991,0,555,7,7
kad3m,1,53,2025-05-05 05:48:34.581000+00:00,2024-04-18 19:15:04.727000+00:00,2024-04-18 19:15:04.727000+00:00,111,0.0106006006006006,0,555,7,7
axlwolf.,2,38,2025-02-26 19:20:46.412000+00:00,2024-03-20 15:24:15.530000+00:00,2024-03-20 15:24:15.530000+00:00,111,0.017952546394056593,0,555,7,7
doplank,3,97,2025-05-22 02:33:27.835000+00:00,2024-05-03 01:42:00.761000+00:00,2024-05-03 01:42:00.761000+00:00,111,0.0271280064221227,0,555,7,7
wisedominykas,14,950,2025-02-03 19:31:34.309000+00:00,2024-04-28 15:54:47.860000+00:00,2024-04-28 15:54:47.860000+00:00,111,0.12539918733252217,0,555,7,7
nazarenus,5,853,2025-04-01 02:57:35.206000+00:00,2024-04-04 15:01:08.055000+00:00,2024-04-04 15:01:08.055000+00:00,111,0.06396426077420952,0,555,7,7
agamaz,40,2255,2025-03-31 20:59:57.140000+00:00,2024-04-16 13:10:26.277000+00:00,2024-04-16 13:10:26.277000+00:00,111,0.3169079491343805,0,555,7,7
gentlelight8758_74282,37,2413,2025-05-08 17:02:20.592000+00:00,2024-04-14 00:32:19.437000+00:00,2024-04-14 00:32:19.437000+00:00,111,0.3047674707356236,0,555,7,7
avadabalenciaga,15,439,2025-02-06 15:30:06.884000+00:00,2024-12-02 21:48:10.745000+00:00,2024-12-02 21:48:10.745000+00:00,111,0.11625956234300426,0,555,7,7
naruto3664,4,169,2025-05-07 16:52:07.048000+00:00,2024-10-08 21:41:04.627000+00:00,2024-10-08 21:41:04.627000+00:00,111,0.03644626654520568,0,555,7,7
nimorenyx,30,1695,2025-02-10 03:17:18.402000+00:00,2025-01-11 08:21:45.772000+00:00,2025-01-11 08:21:45.772000+00:00,111,0.2432482257094411,0,555,7,7
afckaz,20,914,2025-04-10 09:52:34.447000+00:00,2024-03-29 20:58:06.876000+00:00,2024-03-29 20:58:06.876000+00:00,111,0.16098518602527587,0,555,7,7
snip3rwolf22,4,255,2025-02-01 13:59:20.558000+00:00,2024-09-25 10:05:26.059000+00:00,2024-09-25 10:05:26.059000+00:00,111,0.03902884912778826,0,555,7,7
khaos_thanathan,29,2410,2025-02-13 05:49:29.650000+00:00,2024-11-22 13:32:42.112000+00:00,2024-11-22 13:32:42.112000+00:00,111,0.25893954042427597,0,555,7,7
chintx,5,181,2025-04-01 03:01:11.160000+00:00,2024-07-13 04:36:04.747000+00:00,2024-07-13 04:36:04.747000+00:00,111,0.043784080594029336,0,555,7,7
garsa0,16,1100,2025-05-13 16:02:47.909000+00:00,2023-05-25 09:37:12.630000+00:00,2023-05-25 09:37:12.630000+00:00,111,0.14227386665540406,0,555,7,7
esp007,2,72,2025-03-02 14:42:53.788000+00:00,2024-05-14 15:34:50.063000+00:00,2024-05-14 15:34:50.063000+00:00,111,0.01897356741507761,0,555,7,7
botanlapin,1,70,2025-05-12 19:23:18.057000+00:00,2024-12-13 22:04:04.353000+00:00,2024-12-13 22:04:04.353000+00:00,111,0.011111111111111112,0,555,7,7
lispless,11,996,2025-02-09 18:24:11.979000+00:00,2025-01-08 03:47:28.583000+00:00,2025-01-08 03:47:28.583000+00:00,111,0.10788043120868915,0,555,7,7
spleen0420,33,1112,2025-02-12 22:37:39.724000+00:00,2024-05-08 14:44:03.400000+00:00,2024-05-08 14:44:03.400000+00:00,111,0.24296843792090017,0,555,7,7
itsukimiyamoto,4,71,2025-02-17 11:15:25.187000+00:00,2024-11-26 08:24:52.972000+00:00,2024-11-26 08:24:52.972000+00:00,111,0.033503323602262734,0,555,7,7
.yellowbadger,8,313,2025-02-11 15:58:37.383000+00:00,2024-09-25 03:55:26.830000+00:00,2024-09-25 03:55:26.830000+00:00,111,0.06794011265029927,0,555,7,7
r__a__v__e,5,124,2025-05-06 12:10:10.966000+00:00,2024-11-20 15:19:20.353000+00:00,2024-11-20 15:19:20.353000+00:00,111,0.04207236888231763,0,555,7,7
cherrrrypop,12,765,2025-03-31 17:48:08.296000+00:00,2024-05-04 01:06:31.195000+00:00,2024-05-04 01:06:31.195000+00:00,111,0.10729482615181658,0,555,7,7
sa_sama_,1,7,2025-05-22 00:49:57.577000+00:00,2024-09-07 18:47:55.761000+00:00,2024-09-07 18:47:55.761000+00:00,111,0.00921921921921922,0,555,7,7
dar001,30,1799,2025-05-16 10:21:54.198000+00:00,2024-12-20 10:53:06.951000+00:00,2024-12-20 10:53:06.951000+00:00,111,0.24637134883256423,0,555,7,7
zwiebach1,1,40,2025-03-31 21:21:34.575000+00:00,2024-12-07 17:53:15.841000+00:00,2024-12-07 17:53:15.841000+00:00,111,0.01021021021021021,0,555,7,7
steadyashegoes,51,2351,2025-02-01 01:11:30.582000+00:00,2024-08-16 02:07:10.810000+00:00,2024-08-16 02:07:10.810000+00:00,111,0.38069232755780164,0,555,7,7
yumegatari_,40,1448,2025-05-16 18:09:33.289000+00:00,2024-07-03 05:08:11.661000+00:00,2024-07-03 05:08:11.661000+00:00,111,0.29267371490014626,0,555,7,7
ekkam04,7,402,2025-02-12 22:40:04.643000+00:00,2024-05-11 15:25:19.935000+00:00,2024-05-11 15:25:19.935000+00:00,111,0.06398377277433613,0,555,7,7
edmundostudios,1,62,2025-02-12 09:57:56.310000+00:00,2025-01-16 16:04:56.436000+00:00,2025-01-16 16:04:56.436000+00:00,111,0.01087087087087087,0,555,7,7
sovietmisaki,9,772,2025-02-09 07:16:36.240000+00:00,2024-11-06 17:49:39.334000+00:00,2024-11-06 17:49:39.334000+00:00,111,0.08827033683941811,0,555,7,7
.nydas,4,117,2025-05-22 02:09:23.638000+00:00,2024-05-02 00:53:07.941000+00:00,2024-05-02 00:53:07.941000+00:00,111,0.03488470498364411,0,555,7,7
dabesttiger,1,55,2025-05-20 06:55:21.786000+00:00,2024-04-05 15:26:27.090000+00:00,2024-04-05 15:26:27.090000+00:00,111,0.01066066066066066,0,555,7,7
squiglyraidx2,4,121,2025-05-23 06:51:01.448000+00:00,2025-01-04 04:10:42.063000+00:00,2025-01-04 04:10:42.063000+00:00,111,0.03500482510376424,0,555,7,7
7fantasee,17,268,2025-02-18 16:46:34.381000+00:00,2025-02-10 22:45:13.465000+00:00,2025-02-10 22:45:13.465000+00:00,101,0.13563419947583163,0,505,7,7
shooketh7723,3,110,2025-05-15 15:22:03.450000+00:00,2024-09-10 16:36:04.037000+00:00,2024-09-10 16:36:04.037000+00:00,111,0.027518396812513092,0,555,7,7
quinnhasset,2,67,2025-05-18 18:43:28.043000+00:00,2024-09-29 13:05:47.777000+00:00,2024-09-29 13:05:47.777000+00:00,111,0.018823417264927464,0,555,7,7
hsm7777,24,1227,2025-02-19 15:56:45.666000+00:00,2025-02-16 18:27:04.683000+00:00,2025-02-16 18:27:04.683000+00:00,95,0.22690384994727608,0,475,6,6
nukafox,2,34,2025-02-19 18:34:32.626000+00:00,2025-02-18 21:41:10.607000+00:00,2025-02-18 21:41:10.607000+00:00,93,0.021283863617279013,0,465,6,6
araneafarron13,6,728,2025-02-15 10:15:09.628000+00:00,2025-02-15 10:09:56.535000+00:00,2025-02-15 10:09:56.535000+00:00,97,0.07672597401169369,0,485,6,6
kamenridergurren,218,6459,2025-05-12 02:30:07.778000+00:00,2025-05-12 02:28:15.020000+00:00,2025-05-12 02:28:15.020000+00:00,11,4.958874838527594,5,55,0,5
.drake22,128,8181,2025-05-16 04:12:32.879000+00:00,2025-05-16 04:09:24.325000+00:00,2025-05-16 04:09:24.325000+00:00,7,3.5354414151358213,4,35,0,4
windcaster_01,33,852,2025-04-07 21:12:03.009000+00:00,2025-04-05 15:02:59.990000+00:00,2025-04-05 15:02:59.990000+00:00,48,0.5438089571365261,1,240,3,4
mcleno,3,167,2025-03-17 06:59:34.944000+00:00,2025-03-17 06:55:01.145000+00:00,2025-03-17 06:55:01.145000+00:00,67,0.048426000689387357,0,335,4,4
maouseiryuu,153,4586,2025-05-20 23:27:50.421000+00:00,2025-05-20 23:15:08.656000+00:00,2025-05-20 23:15:08.656000+00:00,2,3.593460853198245,4,10,0,4
alexlovesateez01,118,2423,2025-05-14 06:37:10.690000+00:00,2025-05-07 00:13:32.291000+00:00,2025-05-07 00:13:32.291000+00:00,16,2.7102490463870854,3,80,1,4
tansaoren,3,183,2025-05-16 07:52:01.356000+00:00,2025-03-31 10:02:37.820000+00:00,2025-03-31 10:02:37.820000+00:00,53,0.062224063764571444,0,265,3,3
devil_butterfly,42,2187,2025-04-26 23:16:22.402000+00:00,2025-04-18 18:56:24.042000+00:00,2025-04-18 18:56:24.042000+00:00,34,1.0644636684266697,1,170,2,3
v12271,1,21,2025-05-10 06:45:17.314000+00:00,2025-04-20 17:26:30.904000+00:00,2025-04-20 17:26:30.904000+00:00,32,0.0334375,0,160,2,2
taco_569,10,717,2025-04-15 08:13:53.434000+00:00,2025-04-15 07:04:18.488000+00:00,2025-04-15 07:04:18.488000+00:00,38,0.27192848282217935,0,190,2,2
autumnayre,0,0,,2023-08-23 18:15:09.001000+00:00,2023-08-23 18:15:09.001000+00:00,111,0.0,0,555,7,1
roosterman32,0,0,,2025-05-15 22:14:23.955000+00:00,2025-05-15 22:14:23.955000+00:00,7,0.0,0,35,0,1
cory_m,0,0,,2024-05-12 07:54:30.862000+00:00,2024-05-12 07:54:30.862000+00:00,111,0.0,0,555,7,1
icepick314,0,0,,2024-05-09 13:45:14.013000+00:00,2024-05-09 13:45:14.013000+00:00,111,0.0,0,555,7,1
chunkyplug,0,0,,2024-07-31 11:59:57.320000+00:00,2024-07-31 11:59:57.320000+00:00,111,0.0,0,555,7,1
avr0ra,0,0,,2025-05-12 20:13:16.460000+00:00,2025-05-12 20:13:16.460000+00:00,10,0.0,0,50,0,1
cryptworld,0,0,,2024-04-16 19:21:49.812000+00:00,2024-04-16 19:21:49.812000+00:00,111,0.0,0,555,7,1
cloudymiku,0,0,,2024-04-24 17:33:26.253000+00:00,2024-04-24 17:33:26.253000+00:00,111,0.0,0,555,7,1
zyiasu,0,0,,2025-05-15 16:03:43.026000+00:00,2025-05-15 16:03:43.026000+00:00,7,0.0,0,35,0,1
ghosteyes_tv,3,158,2025-05-22 15:18:26.354000+00:00,2025-05-22 15:17:20.228000+00:00,2025-05-22 15:17:20.228000+00:00,1,0.10715140153963178,0,5,0,1
donutcult,0,0,,2024-02-22 02:37:43.311000+00:00,2024-02-22 02:37:43.311000+00:00,111,0.0,0,555,7,1
jcorner900,0,0,,2024-05-30 03:17:42.043000+00:00,2024-05-30 03:17:42.043000+00:00,111,0.0,0,555,7,1
retsamld,0,0,,2024-04-22 02:39:51.119000+00:00,2024-04-22 02:39:51.119000+00:00,111,0.0,0,555,7,1
ajayqlin,0,0,,2025-05-09 20:56:14.236000+00:00,2025-05-09 20:56:14.236000+00:00,13,0.0,0,65,0,1
stormfather98,0,0,,2024-04-27 07:23:27.794000+00:00,2024-04-27 07:23:27.794000+00:00,111,0.0,0,555,7,1
kamerose,0,0,,2025-05-15 04:34:08.465000+00:00,2025-05-15 04:34:08.465000+00:00,8,0.0,0,40,0,1
deyeetghost,0,0,,2024-04-03 09:29:44.263000+00:00,2024-04-03 09:29:44.263000+00:00,111,0.0,0,555,7,1
mikasah,0,0,,2025-03-30 21:40:06.407000+00:00,2025-03-30 21:40:06.407000+00:00,53,0.0,0,265,3,1
.terumi,0,0,,2024-08-12 20:07:11.789000+00:00,2024-08-12 20:07:11.789000+00:00,111,0.0,0,555,7,1
daria8504,0,0,,2024-12-04 22:40:47.119000+00:00,2024-12-04 22:40:47.119000+00:00,111,0.0,0,555,7,1
darklord6361,0,0,,2025-05-18 03:04:37.973000+00:00,2025-05-18 03:04:37.973000+00:00,5,0.0,0,25,0,1
garfunkiel,0,0,,2024-07-25 17:28:28.784000+00:00,2024-07-25 17:28:28.784000+00:00,111,0.0,0,555,7,1
fgcsnow,0,0,,2024-04-02 16:35:03.461000+00:00,2024-04-02 16:35:03.461000+00:00,111,0.0,0,555,7,1
metal_enjoyer_,0,0,,2025-02-11 07:21:06.922000+00:00,2025-02-11 07:21:06.922000+00:00,101,0.0,0,505,7,1
minekj,0,0,,2025-05-23 07:50:53.155000+00:00,2025-05-23 07:50:53.155000+00:00,1,0.0,0,5,0,1
independent_pipe_550,0,0,,2024-09-25 04:26:56.880000+00:00,2024-09-25 04:26:56.880000+00:00,111,0.0,0,555,7,1
gorillathespinner,0,0,,2024-09-26 16:50:24.673000+00:00,2024-09-26 16:50:24.673000+00:00,111,0.0,0,555,7,1
entropylol,0,0,,2025-05-16 01:50:52.706000+00:00,2025-05-16 01:50:52.706000+00:00,7,0.0,0,35,0,1
woofrs,0,0,,2024-12-31 21:09:04.221000+00:00,2024-12-31 21:09:04.221000+00:00,111,0.0,0,555,7,1
yasu_223,0,0,,2025-02-13 01:30:38.157000+00:00,2025-02-13 01:30:38.157000+00:00,99,0.0,0,495,7,1
memestermoon,0,0,,2024-05-16 10:14:31.909000+00:00,2024-05-16 10:14:31.909000+00:00,111,0.0,0,555,7,1
resolutiongod,0,0,,2024-04-03 02:42:36.904000+00:00,2024-04-03 02:42:36.904000+00:00,111,0.0,0,555,7,1
shinmaruku,0,0,,2024-04-24 08:30:16.398000+00:00,2024-04-24 08:30:16.398000+00:00,111,0.0,0,555,7,1
onyxspartanii,0,0,,2025-05-17 04:57:44.579000+00:00,2025-05-17 04:57:44.579000+00:00,6,0.0,0,30,0,1
wurzelgemoese,0,0,,2024-05-06 10:31:10.964000+00:00,2024-05-06 10:31:10.964000+00:00,111,0.0,0,555,7,1
wags1449,0,0,,2024-09-18 13:40:05.149000+00:00,2024-09-18 13:40:05.149000+00:00,111,0.0,0,555,7,1
shdwflme,0,0,,2024-04-16 04:48:15.400000+00:00,2024-04-16 04:48:15.400000+00:00,111,0.0,0,555,7,1
rednekol,0,0,,2024-03-07 17:28:34.980000+00:00,2024-03-07 17:28:34.980000+00:00,111,0.0,0,555,7,1
jo_mama69,0,0,,2024-07-01 03:32:06.627000+00:00,2024-07-01 03:32:06.627000+00:00,111,0.0,0,555,7,1
overlord0022,0,0,,2025-05-21 23:37:12.892000+00:00,2025-05-21 23:37:12.892000+00:00,1,0.0,0,5,0,1
grthz,0,0,,2024-11-19 21:20:08.703000+00:00,2024-11-19 21:20:08.703000+00:00,111,0.0,0,555,7,1
nairexl,0,0,,2024-08-22 04:00:16.415000+00:00,2024-08-22 04:00:16.415000+00:00,111,0.0,0,555,7,1
basheer_naimi,0,0,,2025-05-16 17:20:13.564000+00:00,2025-05-16 17:20:13.564000+00:00,6,0.0,0,30,0,1
dorome2,0,0,,2025-05-17 04:57:55.001000+00:00,2025-05-17 04:57:55.001000+00:00,6,0.0,0,30,0,1
ashskyee,0,0,,2024-05-03 03:46:24.077000+00:00,2024-05-03 03:46:24.077000+00:00,111,0.0,0,555,7,1
esturleone,14,242,2025-05-22 07:31:46.871000+00:00,2025-05-17 04:59:48.821000+00:00,2025-05-17 04:59:48.821000+00:00,6,0.38531032646366536,0,30,0,1
xenoblade13,0,0,,2024-09-27 08:39:58.624000+00:00,2024-09-27 08:39:58.624000+00:00,111,0.0,0,555,7,1
bucknutties,0,0,,2024-02-04 23:02:04.232000+00:00,2024-02-04 23:02:04.232000+00:00,111,0.0,0,555,7,1
tx_id,0,0,,2025-01-03 07:09:08.205000+00:00,2025-01-03 07:09:08.205000+00:00,111,0.0,0,555,7,1
doom667x,0,0,,2024-12-30 04:19:34.623000+00:00,2024-12-30 04:19:34.623000+00:00,111,0.0,0,555,7,1
kelvinpizza,0,0,,2025-05-13 14:57:59.391000+00:00,2025-05-13 14:57:59.391000+00:00,10,0.0,0,50,0,1
ceo_lazy,0,0,,2024-11-20 23:43:38.420000+00:00,2024-11-20 23:43:38.420000+00:00,111,0.0,0,555,7,1
africanman9000,7,351,2025-05-16 04:51:17.583000+00:00,2025-05-16 04:50:48.939000+00:00,2025-05-16 04:50:48.939000+00:00,7,0.231073292598377,0,35,0,1
steb0012,0,0,,2024-07-02 09:38:56.670000+00:00,2024-07-02 09:38:56.670000+00:00,111,0.0,0,555,7,1
shadow856328,0,0,,2024-05-12 15:06:26.962000+00:00,2024-05-12 15:06:26.962000+00:00,111,0.0,0,555,7,1
don.bilbo,0,0,,2024-11-09 05:31:18.984000+00:00,2024-11-09 05:31:18.984000+00:00,111,0.0,0,555,7,1
atlasprevail,0,0,,2024-03-31 13:53:37.213000+00:00,2024-03-31 13:53:37.213000+00:00,111,0.0,0,555,7,1
silent_rogue,0,0,,2024-12-18 19:37:37.323000+00:00,2024-12-18 19:37:37.323000+00:00,111,0.0,0,555,7,1
nanosoft,13,543,2025-05-05 15:59:14.066000+00:00,2025-05-05 15:57:18.143000+00:00,2025-05-05 15:57:18.143000+00:00,17,0.3956288623264775,0,85,1,1
alswulf,0,0,,2024-11-26 16:35:52.181000+00:00,2024-11-26 16:35:52.181000+00:00,111,0.0,0,555,7,1
progenitor3,0,0,,2024-09-25 02:52:37.600000+00:00,2024-09-25 02:52:37.600000+00:00,111,0.0,0,555,7,1
exile89,0,0,,2024-04-30 13:20:58.451000+00:00,2024-04-30 13:20:58.451000+00:00,111,0.0,0,555,7,1
pahchii,0,0,,2025-05-15 17:58:33.543000+00:00,2025-05-15 17:58:33.543000+00:00,7,0.0,0,35,0,1
jet2k5,0,0,,2024-04-11 12:30:48.653000+00:00,2024-04-11 12:30:48.653000+00:00,111,0.0,0,555,7,1
romeee36,0,0,,2024-05-24 17:21:59.643000+00:00,2024-05-24 17:21:59.643000+00:00,111,0.0,0,555,7,1
yatzai,0,0,,2024-04-07 01:40:04.865000+00:00,2024-04-07 01:40:04.865000+00:00,111,0.0,0,555,7,1
kaleidoro,0,0,,2024-03-10 05:33:50.423000+00:00,2024-03-10 05:33:50.423000+00:00,111,0.0,0,555,7,1
.unknown465,0,0,,2024-07-05 11:17:58.050000+00:00,2024-07-05 11:17:58.050000+00:00,111,0.0,0,555,7,1
oqr3,0,0,,2025-05-19 04:11:05.644000+00:00,2025-05-19 04:11:05.644000+00:00,4,0.0,0,20,0,1
thegwennet12,0,0,,2024-11-22 01:43:26.898000+00:00,2024-11-22 01:43:26.898000+00:00,111,0.0,0,555,7,1
fromsoft_simp,0,0,,2024-04-26 05:26:56.607000+00:00,2024-04-26 05:26:56.607000+00:00,111,0.0,0,555,7,1
playamax1,0,0,,2024-10-15 23:46:09.323000+00:00,2024-10-15 23:46:09.323000+00:00,111,0.0,0,555,7,1
bvwlxiv,0,0,,2025-02-13 23:48:24.004000+00:00,2025-02-13 23:48:24.004000+00:00,98,0.0,0,490,7,1
casualhylian69,0,0,,2024-11-20 21:55:40.976000+00:00,2024-11-20 21:55:40.976000+00:00,111,0.0,0,555,7,1
nogginissleepy,0,0,,2025-01-04 17:38:26.234000+00:00,2025-01-04 17:38:26.234000+00:00,111,0.0,0,555,7,1
naner,0,0,,2024-05-02 22:53:37.704000+00:00,2024-05-02 22:53:37.704000+00:00,111,0.0,0,555,7,1
redpandamonium,0,0,,2024-02-09 07:16:44.032000+00:00,2024-02-09 07:16:44.032000+00:00,111,0.0,0,555,7,1
fruitninja,0,0,,2024-09-25 16:31:07.561000+00:00,2024-09-25 16:31:07.561000+00:00,111,0.0,0,555,7,1
trix64,0,0,,2025-05-19 13:36:20.321000+00:00,2025-05-19 13:36:20.321000+00:00,4,0.0,0,20,0,1
mechimp3000,0,0,,2024-11-23 00:41:15.646000+00:00,2024-11-23 00:41:15.646000+00:00,111,0.0,0,555,7,1
treestumpinator,0,0,,2024-04-28 06:47:41.808000+00:00,2024-04-28 06:47:41.808000+00:00,111,0.0,0,555,7,1
runey5,0,0,,2024-04-30 08:07:08.882000+00:00,2024-04-30 08:07:08.882000+00:00,111,0.0,0,555,7,1
zero.mb,0,0,,2024-05-12 03:01:14.450000+00:00,2024-05-12 03:01:14.450000+00:00,111,0.0,0,555,7,1
siam,0,0,,2024-11-19 14:57:03.064000+00:00,2024-11-19 14:57:03.064000+00:00,111,0.0,0,555,7,1
_.7fd,0,0,,2024-03-31 09:47:45.350000+00:00,2024-03-31 09:47:45.350000+00:00,111,0.0,0,555,7,1
.miyazaki,0,0,,2025-03-09 18:28:19.384000+00:00,2025-03-09 18:28:19.384000+00:00,74,0.0,0,370,5,1
chosensavior,0,0,,2024-05-24 22:31:27.864000+00:00,2024-05-24 22:31:27.864000+00:00,111,0.0,0,555,7,1
aureus24,0,0,,2024-05-02 23:15:41.862000+00:00,2024-05-02 23:15:41.862000+00:00,111,0.0,0,555,7,1
sydravin,0,0,,2025-01-14 16:49:15.779000+00:00,2025-01-14 16:49:15.779000+00:00,111,0.0,0,555,7,1
skirito,0,0,,2024-06-01 05:37:03.711000+00:00,2024-06-01 05:37:03.711000+00:00,111,0.0,0,555,7,1
deepink,9,493,2025-05-17 05:04:41.064000+00:00,2025-05-17 04:59:40.975000+00:00,2025-05-17 04:59:40.975000+00:00,6,0.29560024630584697,0,30,0,1
kal1889,0,0,,2024-05-22 17:55:33.636000+00:00,2024-05-22 17:55:33.636000+00:00,111,0.0,0,555,7,1
sword567,0,0,,2024-03-31 21:44:55.792000+00:00,2024-03-31 21:44:55.792000+00:00,111,0.0,0,555,7,1
uberasian,0,0,,2024-05-12 20:42:50.312000+00:00,2024-05-12 20:42:50.312000+00:00,111,0.0,0,555,7,1
sleepyfox_13,0,0,,2024-10-02 02:11:20.673000+00:00,2024-10-02 02:11:20.673000+00:00,111,0.0,0,555,7,1
fantom93,0,0,,2025-01-26 17:50:49.877000+00:00,2025-01-26 17:50:49.877000+00:00,111,0.0,0,555,7,1
bels5012,0,0,,2024-05-27 21:20:28.677000+00:00,2024-05-27 21:20:28.677000+00:00,111,0.0,0,555,7,1
nearh,0,0,,2025-03-13 13:26:01.356000+00:00,2025-03-13 13:26:01.356000+00:00,71,0.0,0,355,5,1
mechakuro,0,0,,2024-11-24 13:46:21.595000+00:00,2024-11-24 13:46:21.595000+00:00,111,0.0,0,555,7,1
lorddoba,0,0,,2024-07-11 06:00:50.099000+00:00,2024-07-11 06:00:50.099000+00:00,111,0.0,0,555,7,1
yappadappadu,0,0,,2024-02-14 09:48:26.261000+00:00,2024-02-14 09:48:26.261000+00:00,111,0.0,0,555,7,1
powder7753,0,0,,2024-06-07 09:07:03.068000+00:00,2024-06-07 09:07:03.068000+00:00,111,0.0,0,555,7,1
amelia4860,0,0,,2025-05-16 16:12:29.564000+00:00,2025-05-16 16:12:29.564000+00:00,6,0.0,0,30,0,1
antisskustenis,0,0,,2025-04-18 18:08:04.367000+00:00,2025-04-18 18:08:04.367000+00:00,34,0.0,0,170,2,1
royaltyrogue,0,0,,2024-05-06 19:12:33.355000+00:00,2024-05-06 19:12:33.355000+00:00,111,0.0,0,555,7,1
skateboards,0,0,,2025-05-17 05:51:09.779000+00:00,2025-05-17 05:51:09.779000+00:00,6,0.0,0,30,0,1
wefighttogether,0,0,,2024-05-13 12:42:04.010000+00:00,2024-05-13 12:42:04.010000+00:00,111,0.0,0,555,7,1
fallenger,0,0,,2025-01-15 21:08:13.700000+00:00,2025-01-15 21:08:13.700000+00:00,111,0.0,0,555,7,1
tristan104,0,0,,2024-07-11 01:46:06.004000+00:00,2024-07-11 01:46:06.004000+00:00,111,0.0,0,555,7,1
saekki,0,0,,2024-12-08 07:39:06.180000+00:00,2024-12-08 07:39:06.180000+00:00,111,0.0,0,555,7,1
emi.lia,0,0,,2024-05-11 07:49:23.372000+00:00,2024-05-11 07:49:23.372000+00:00,111,0.0,0,555,7,1
murdoctrine,0,0,,2025-02-15 22:54:51.398000+00:00,2025-02-15 22:54:51.398000+00:00,96,0.0,0,480,6,1
.kygoo,0,0,,2024-06-18 06:52:42.690000+00:00,2024-06-18 06:52:42.690000+00:00,111,0.0,0,555,7,1
lozhac,8,314,2025-05-22 03:58:39.060000+00:00,2025-05-22 03:57:08.667000+00:00,2025-05-22 03:57:08.667000+00:00,1,0.25148952791721835,0,5,0,1
.retrospection,0,0,,2024-04-20 22:18:55.199000+00:00,2024-04-20 22:18:55.199000+00:00,111,0.0,0,555,7,1
junichiro13,0,0,,2024-01-04 08:07:40.080000+00:00,2024-01-04 08:07:40.080000+00:00,111,0.0,0,555,7,1
mothsune,0,0,,2024-05-27 05:13:21.441000+00:00,2024-05-27 05:13:21.441000+00:00,111,0.0,0,555,7,1
stevefa,0,0,,2024-10-23 00:23:13.732000+00:00,2024-10-23 00:23:13.732000+00:00,111,0.0,0,555,7,1
_seregon,0,0,,2024-04-29 18:53:01.386000+00:00,2024-04-29 18:53:01.386000+00:00,111,0.0,0,555,7,1
bragob,0,0,,2024-05-20 03:49:32.288000+00:00,2024-05-20 03:49:32.288000+00:00,111,0.0,0,555,7,1
maiconjunior,0,0,,2025-01-20 19:26:03.626000+00:00,2025-01-20 19:26:03.626000+00:00,111,0.0,0,555,7,1
baetman567,0,0,,2024-12-14 12:59:57.359000+00:00,2024-12-14 12:59:57.359000+00:00,111,0.0,0,555,7,1
.akatenshi.,0,0,,2025-05-10 17:43:33.698000+00:00,2025-05-10 17:43:33.698000+00:00,12,0.0,0,60,0,1
zzzzzy,0,0,,2025-03-18 11:03:53.421000+00:00,2025-03-18 11:03:53.421000+00:00,66,0.0,0,330,4,1
sopamuycaliente,0,0,,2025-05-13 20:22:38.959000+00:00,2025-05-13 20:22:38.959000+00:00,9,0.0,0,45,0,1
decibob,0,0,,2024-09-25 04:57:49.939000+00:00,2024-09-25 04:57:49.939000+00:00,111,0.0,0,555,7,1
spelljinxer,0,0,,2025-05-17 01:52:50.477000+00:00,2025-05-17 01:52:50.477000+00:00,6,0.0,0,30,0,1
demiinus,0,0,,2024-03-31 11:03:04.004000+00:00,2024-03-31 11:03:04.004000+00:00,111,0.0,0,555,7,1
nyvaera,0,0,,2025-05-15 09:01:14.449000+00:00,2025-05-15 09:01:14.449000+00:00,8,0.0,0,40,0,1
nacl_intake,0,0,,2024-04-26 19:26:42.085000+00:00,2024-04-26 19:26:42.085000+00:00,111,0.0,0,555,7,1
itzfinn,0,0,,2025-05-12 20:08:42.302000+00:00,2025-05-12 20:08:42.302000+00:00,10,0.0,0,50,0,1
ricardo.g.,0,0,,2024-11-21 03:45:12.658000+00:00,2024-11-21 03:45:12.658000+00:00,111,0.0,0,555,7,1
jojolionfan,0,0,,2024-04-28 05:21:09.654000+00:00,2024-04-28 05:21:09.654000+00:00,111,0.0,0,555,7,1
keypluswords.,0,0,,2024-04-26 03:24:18.693000+00:00,2024-04-26 03:24:18.693000+00:00,111,0.0,0,555,7,1
guynelk,0,0,,2024-04-03 21:24:05.748000+00:00,2024-04-03 21:24:05.748000+00:00,111,0.0,0,555,7,1
dreamwallow,0,0,,2024-07-25 00:22:51.893000+00:00,2024-07-25 00:22:51.893000+00:00,111,0.0,0,555,7,1
masatheone,0,0,,2024-06-07 05:21:31.907000+00:00,2024-06-07 05:21:31.907000+00:00,111,0.0,0,555,7,1
sand.witch_5,0,0,,2024-04-09 17:59:49.007000+00:00,2024-04-09 17:59:49.007000+00:00,111,0.0,0,555,7,1
.hero747,0,0,,2024-08-02 03:38:40.990000+00:00,2024-08-02 03:38:40.990000+00:00,111,0.0,0,555,7,1
arme.,0,0,,2025-03-26 09:41:14.382000+00:00,2025-03-26 09:41:14.382000+00:00,58,0.0,0,290,4,1
peter016852,0,0,,2024-09-25 09:51:36.235000+00:00,2024-09-25 09:51:36.235000+00:00,111,0.0,0,555,7,1
sut1bun,0,0,,2024-02-21 05:12:20.383000+00:00,2024-02-21 05:12:20.383000+00:00,111,0.0,0,555,7,1
4zehorde,0,0,,2024-05-09 11:15:44.085000+00:00,2024-05-09 11:15:44.085000+00:00,111,0.0,0,555,7,1
flylies,0,0,,2024-05-08 06:15:41.914000+00:00,2024-05-08 06:15:41.914000+00:00,111,0.0,0,555,7,1
k1rxy,0,0,,2024-03-29 06:54:58.742000+00:00,2024-03-29 06:54:58.742000+00:00,111,0.0,0,555,7,1
wrangel_,0,0,,2024-06-08 09:30:23.886000+00:00,2024-06-08 09:30:23.886000+00:00,111,0.0,0,555,7,1
shyro,9,156,2025-05-03 21:34:27.334000+00:00,2025-05-03 19:59:13.672000+00:00,2025-05-03 19:59:13.672000+00:00,19,0.2581558018614025,0,95,1,1
synor,0,0,,2025-04-24 17:16:50.788000+00:00,2025-04-24 17:16:50.788000+00:00,28,0.0,0,140,2,1
plutwo,0,0,,2024-10-26 21:18:28.732000+00:00,2024-10-26 21:18:28.732000+00:00,111,0.0,0,555,7,1
arekusandaa,0,0,,2024-04-21 05:28:20.754000+00:00,2024-04-21 05:28:20.754000+00:00,111,0.0,0,555,7,1
_notdrake,0,0,,2025-03-27 17:58:32.364000+00:00,2025-03-27 17:58:32.364000+00:00,56,0.0,0,280,4,1
exovillex,0,0,,2024-05-02 22:42:40.075000+00:00,2024-05-02 22:42:40.075000+00:00,111,0.0,0,555,7,1
ujujit,0,0,,2024-02-20 12:51:44.648000+00:00,2024-02-20 12:51:44.648000+00:00,111,0.0,0,555,7,1
removedenuvoandibuyyourgam_12282,12,561,2025-05-15 15:51:24.614000+00:00,2025-05-15 15:49:15.301000+00:00,2025-05-15 15:49:15.301000+00:00,7,0.37432419009505474,0,35,0,1
ghostasparta,0,0,,2024-05-28 21:15:52.159000+00:00,2024-05-28 21:15:52.159000+00:00,111,0.0,0,555,7,1
rav7078,0,0,,2023-09-07 21:01:25.686000+00:00,2023-09-07 21:01:25.686000+00:00,111,0.0,0,555,7,1
angusyoung1989,0,0,,2024-07-05 18:25:48.966000+00:00,2024-07-05 18:25:48.966000+00:00,111,0.0,0,555,7,1
chunckylee,0,0,,2024-03-03 19:55:37.413000+00:00,2024-03-03 19:55:37.413000+00:00,111,0.0,0,555,7,1
shadowscissors,0,0,,2024-09-25 00:25:08.358000+00:00,2024-09-25 00:25:08.358000+00:00,111,0.0,0,555,7,1
iamlight,0,0,,2024-04-10 10:11:58.051000+00:00,2024-04-10 10:11:58.051000+00:00,111,0.0,0,555,7,1
falloutfc,0,0,,2025-05-16 19:42:42.155000+00:00,2025-05-16 19:42:42.155000+00:00,6,0.0,0,30,0,1
rynn_kirin,0,0,,2025-05-14 14:44:46.543000+00:00,2025-05-14 14:44:46.543000+00:00,9,0.0,0,45,0,1
kitkeat,0,0,,2024-03-29 08:13:45.691000+00:00,2024-03-29 08:13:45.691000+00:00,111,0.0,0,555,7,1
therafcave,0,0,,2024-09-25 06:01:38.076000+00:00,2024-09-25 06:01:38.076000+00:00,111,0.0,0,555,7,1
shumokuzame,0,0,,2024-04-26 19:24:15.641000+00:00,2024-04-26 19:24:15.641000+00:00,111,0.0,0,555,7,1
eurandomien,0,0,,2024-06-13 13:26:05.124000+00:00,2024-06-13 13:26:05.124000+00:00,111,0.0,0,555,7,1
callopps,0,0,,2024-10-24 22:39:42.737000+00:00,2024-10-24 22:39:42.737000+00:00,111,0.0,0,555,7,1
sszl1,0,0,,2024-12-03 23:40:49.422000+00:00,2024-12-03 23:40:49.422000+00:00,111,0.0,0,555,7,1
kaede177,0,0,,2024-04-29 05:44:43.854000+00:00,2024-04-29 05:44:43.854000+00:00,111,0.0,0,555,7,1
drakenyte,0,0,,2024-07-30 12:20:17.186000+00:00,2024-07-30 12:20:17.186000+00:00,111,0.0,0,555,7,1
hammyhanako,0,0,,2024-08-13 12:54:25.339000+00:00,2024-08-13 12:54:25.339000+00:00,111,0.0,0,555,7,1
uninverted,0,0,,2023-06-15 03:28:17.596000+00:00,2023-06-15 03:28:17.596000+00:00,111,0.0,0,555,7,1
67protons,0,0,,2024-04-30 06:58:09.707000+00:00,2024-04-30 06:58:09.707000+00:00,111,0.0,0,555,7,1
tsurugi7605,0,0,,2024-07-26 15:26:47.346000+00:00,2024-07-26 15:26:47.346000+00:00,111,0.0,0,555,7,1
shonagon,0,0,,2025-05-15 22:47:45.574000+00:00,2025-05-15 22:47:45.574000+00:00,7,0.0,0,35,0,1
seaneecus,0,0,,2024-04-15 19:32:44.767000+00:00,2024-04-15 19:32:44.767000+00:00,111,0.0,0,555,7,1
stupendouscheeks,0,0,,2024-05-13 17:38:54.204000+00:00,2024-05-13 17:38:54.204000+00:00,111,0.0,0,555,7,1
the_raptors,0,0,,2025-03-14 09:35:49.461000+00:00,2025-03-14 09:35:49.461000+00:00,70,0.0,0,350,5,1
doobs3777,0,0,,2024-02-17 14:58:52.803000+00:00,2024-02-17 14:58:52.803000+00:00,111,0.0,0,555,7,1
xiaokuai,0,0,,2025-05-14 11:16:30.548000+00:00,2025-05-14 11:16:30.548000+00:00,9,0.0,0,45,0,1
godsvoice,0,0,,2024-11-02 20:32:23.485000+00:00,2024-11-02 20:32:23.485000+00:00,111,0.0,0,555,7,1
ayo11,0,0,,2024-04-27 04:37:07.298000+00:00,2024-04-27 04:37:07.298000+00:00,111,0.0,0,555,7,1
bloodkill01,0,0,,2024-07-17 21:14:11.571000+00:00,2024-07-17 21:14:11.571000+00:00,111,0.0,0,555,7,1
tang2037,0,0,,2024-07-24 23:03:49.377000+00:00,2024-07-24 23:03:49.377000+00:00,111,0.0,0,555,7,1
thelittleshaq,0,0,,2025-02-17 16:14:09.839000+00:00,2025-02-17 16:14:09.839000+00:00,94,0.0,0,470,6,1
noman152,0,0,,2024-03-09 22:27:53.565000+00:00,2024-03-09 22:27:53.565000+00:00,111,0.0,0,555,7,1
snky2,0,0,,2025-05-06 01:57:56.195000+00:00,2025-05-06 01:57:56.195000+00:00,17,0.0,0,85,1,1
jaydoesvr,0,0,,2025-05-15 13:09:06.768000+00:00,2025-05-15 13:09:06.768000+00:00,8,0.0,0,40,0,1
lionheart_154,0,0,,2024-08-31 20:16:54.470000+00:00,2024-08-31 20:16:54.470000+00:00,111,0.0,0,555,7,1
elerius,0,0,,2024-04-27 16:35:00.816000+00:00,2024-04-27 16:35:00.816000+00:00,111,0.0,0,555,7,1
axelyoung95,0,0,,2024-02-01 00:20:40.436000+00:00,2024-02-01 00:20:40.436000+00:00,111,0.0,0,555,7,1
araiz_20,0,0,,2024-04-24 15:50:28.733000+00:00,2024-04-24 15:50:28.733000+00:00,111,0.0,0,555,7,1
atomic.nth,0,0,,2024-05-02 00:42:09.339000+00:00,2024-05-02 00:42:09.339000+00:00,111,0.0,0,555,7,1
zinzuke,0,0,,2024-02-13 23:03:21.941000+00:00,2024-02-13 23:03:21.941000+00:00,111,0.0,0,555,7,1
spidermanny21,0,0,,2025-04-30 19:10:57.710000+00:00,2025-04-30 19:10:57.710000+00:00,22,0.0,0,110,1,1
_beauxx_,0,0,,2025-03-26 00:20:37.152000+00:00,2025-03-26 00:20:37.152000+00:00,58,0.0,0,290,4,1
plaasy,0,0,,2024-05-30 22:02:59.079000+00:00,2024-05-30 22:02:59.079000+00:00,111,0.0,0,555,7,1
genhonkai,0,0,,2024-09-26 22:04:03.950000+00:00,2024-09-26 22:04:03.950000+00:00,111,0.0,0,555,7,1
soul0949,0,0,,2024-04-26 10:12:42.457000+00:00,2024-04-26 10:12:42.457000+00:00,111,0.0,0,555,7,1
asce22s,0,0,,2024-04-24 06:04:01.677000+00:00,2024-04-24 06:04:01.677000+00:00,111,0.0,0,555,7,1
bree8008,0,0,,2024-11-20 14:10:11.954000+00:00,2024-11-20 14:10:11.954000+00:00,111,0.0,0,555,7,1
warfire,0,0,,2024-11-21 11:38:27.944000+00:00,2024-11-21 11:38:27.944000+00:00,111,0.0,0,555,7,1
jadty,0,0,,2024-04-29 21:50:10.852000+00:00,2024-04-29 21:50:10.852000+00:00,111,0.0,0,555,7,1
inkboy1321,0,0,,2025-01-30 16:03:27.506000+00:00,2025-01-30 16:03:27.506000+00:00,111,0.0,0,555,7,1
bibfive,0,0,,2024-05-02 01:11:26.889000+00:00,2024-05-02 01:11:26.889000+00:00,111,0.0,0,555,7,1
slendy4839,0,0,,2024-03-03 19:48:57.295000+00:00,2024-03-03 19:48:57.295000+00:00,111,0.0,0,555,7,1
kaizerxiow,0,0,,2024-11-24 06:23:43.134000+00:00,2024-11-24 06:23:43.134000+00:00,111,0.0,0,555,7,1
moonwizards1,0,0,,2024-09-25 21:57:15.835000+00:00,2024-09-25 21:57:15.835000+00:00,111,0.0,0,555,7,1
geloxiii,0,0,,2023-12-08 00:40:15.279000+00:00,2023-12-08 00:40:15.279000+00:00,111,0.0,0,555,7,1
_die.,0,0,,2024-07-26 13:26:16.460000+00:00,2024-07-26 13:26:16.460000+00:00,111,0.0,0,555,7,1
iceygray,0,0,,2025-01-06 03:11:37.042000+00:00,2025-01-06 03:11:37.042000+00:00,111,0.0,0,555,7,1
lustforbloodxd,0,0,,2024-07-05 22:33:56.907000+00:00,2024-07-05 22:33:56.907000+00:00,111,0.0,0,555,7,1
kaspark.ttt,3,152,2025-05-17 17:08:37.373000+00:00,2025-05-17 17:05:05.785000+00:00,2025-05-17 17:05:05.785000+00:00,5,0.1064847348729651,0,25,0,1
glpg35,0,0,,2025-05-15 20:58:26.716000+00:00,2025-05-15 20:58:26.716000+00:00,7,0.0,0,35,0,1
misakagun,0,0,,2024-04-26 20:36:14.149000+00:00,2024-04-26 20:36:14.149000+00:00,111,0.0,0,555,7,1
kazamashin,0,0,,2024-10-31 11:33:22.910000+00:00,2024-10-31 11:33:22.910000+00:00,111,0.0,0,555,7,1
eks,0,0,,2024-05-09 21:46:15.713000+00:00,2024-05-09 21:46:15.713000+00:00,111,0.0,0,555,7,1
guiltyn00b,0,0,,2024-12-10 02:17:59.114000+00:00,2024-12-10 02:17:59.114000+00:00,111,0.0,0,555,7,1
timeadvenitsemper,0,0,,2024-03-16 18:23:11.474000+00:00,2024-03-16 18:23:11.474000+00:00,111,0.0,0,555,7,1
onemmy,0,0,,2024-04-24 21:05:49.330000+00:00,2024-04-24 21:05:49.330000+00:00,111,0.0,0,555,7,1
lordzoggers,0,0,,2024-02-10 19:23:26.968000+00:00,2024-02-10 19:23:26.968000+00:00,111,0.0,0,555,7,1
michal_216,0,0,,2024-10-28 20:10:26.518000+00:00,2024-10-28 20:10:26.518000+00:00,111,0.0,0,555,7,1
dco2,0,0,,2024-05-02 22:42:36.969000+00:00,2024-05-02 22:42:36.969000+00:00,111,0.0,0,555,7,1
k_sze,0,0,,2024-11-29 09:09:07.500000+00:00,2024-11-29 09:09:07.500000+00:00,111,0.0,0,555,7,1
.smusie,0,0,,2024-09-25 07:25:58.490000+00:00,2024-09-25 07:25:58.490000+00:00,111,0.0,0,555,7,1
wedoknow,0,0,,2025-05-05 21:13:59.261000+00:00,2025-05-05 21:13:59.261000+00:00,17,0.0,0,85,1,1
mfnutbuster,0,0,,2025-01-01 03:17:25.507000+00:00,2025-01-01 03:17:25.507000+00:00,111,0.0,0,555,7,1
yaguranao,0,0,,2024-09-24 22:37:31.806000+00:00,2024-09-24 22:37:31.806000+00:00,111,0.0,0,555,7,1
airheadknight,0,0,,2024-09-25 12:43:45.753000+00:00,2024-09-25 12:43:45.753000+00:00,111,0.0,0,555,7,1
batty_,0,0,,2025-03-11 16:32:55.737000+00:00,2025-03-11 16:32:55.737000+00:00,72,0.0,0,360,5,1
warrenthewerebear,0,0,,2024-04-29 02:37:06.711000+00:00,2024-04-29 02:37:06.711000+00:00,111,0.0,0,555,7,1
saikou_shiva,0,0,,2024-02-05 04:18:44.084000+00:00,2024-02-05 04:18:44.084000+00:00,111,0.0,0,555,7,1
cham0mil3,0,0,,2024-08-01 08:52:56.651000+00:00,2024-08-01 08:52:56.651000+00:00,111,0.0,0,555,7,1
frejaweisse12681,0,0,,2024-11-25 08:52:03.522000+00:00,2024-11-25 08:52:03.522000+00:00,111,0.0,0,555,7,1
rainierarts,0,0,,2025-02-13 14:21:27.689000+00:00,2025-02-13 14:21:27.689000+00:00,99,0.0,0,495,7,1
bigrand,0,0,,2024-09-26 20:59:03.831000+00:00,2024-09-26 20:59:03.831000+00:00,111,0.0,0,555,7,1
kee,0,0,,2024-04-27 17:35:16.623000+00:00,2024-04-27 17:35:16.623000+00:00,111,0.0,0,555,7,1
spurgel.,0,0,,2024-10-28 22:31:08.070000+00:00,2024-10-28 22:31:08.070000+00:00,111,0.0,0,555,7,1
dreadnought1053,0,0,,2024-02-18 06:18:37.518000+00:00,2024-02-18 06:18:37.518000+00:00,111,0.0,0,555,7,1
artry,0,0,,2024-05-10 04:12:13.734000+00:00,2024-05-10 04:12:13.734000+00:00,111,0.0,0,555,7,1
vix0691,0,0,,2024-04-27 04:15:11.216000+00:00,2024-04-27 04:15:11.216000+00:00,111,0.0,0,555,7,1
robbiereles,0,0,,2025-03-14 10:06:41.460000+00:00,2025-03-14 10:06:41.460000+00:00,70,0.0,0,350,5,1
jessevdh,0,0,,2024-11-19 18:25:55.156000+00:00,2024-11-19 18:25:55.156000+00:00,111,0.0,0,555,7,1
diddley.,2,47,2025-05-22 04:53:59.572000+00:00,2025-05-22 04:49:34.049000+00:00,2025-05-22 04:49:34.049000+00:00,1,0.06742442165800938,0,5,0,1
shad0351,0,0,,2024-09-26 02:45:25.771000+00:00,2024-09-26 02:45:25.771000+00:00,111,0.0,0,555,7,1
sugoisuki,0,0,,2024-11-22 05:38:42.538000+00:00,2024-11-22 05:38:42.538000+00:00,111,0.0,0,555,7,1
clemens_.,0,0,,2025-03-23 19:28:52.114000+00:00,2025-03-23 19:28:52.114000+00:00,60,0.0,0,300,4,1
intimidate,0,0,,2024-05-08 10:20:21.848000+00:00,2024-05-08 10:20:21.848000+00:00,111,0.0,0,555,7,1
hello.rambo,0,0,,2024-04-13 05:08:40.956000+00:00,2024-04-13 05:08:40.956000+00:00,111,0.0,0,555,7,1
xtdc,0,0,,2024-05-09 16:28:09.175000+00:00,2024-05-09 16:28:09.175000+00:00,111,0.0,0,555,7,1
ninjatortuga,0,0,,2024-04-24 21:57:25.011000+00:00,2024-04-24 21:57:25.011000+00:00,111,0.0,0,555,7,1
waverit,0,0,,2024-11-19 22:51:05.142000+00:00,2024-11-19 22:51:05.142000+00:00,111,0.0,0,555,7,1
melow_bag,0,0,,2025-03-12 14:01:00.214000+00:00,2025-03-12 14:01:00.214000+00:00,72,0.0,0,360,5,1
devoltic,0,0,,2024-12-25 20:36:25.780000+00:00,2024-12-25 20:36:25.780000+00:00,111,0.0,0,555,7,1
ahrividerci,0,0,,2024-11-19 19:44:34.974000+00:00,2024-11-19 19:44:34.974000+00:00,111,0.0,0,555,7,1
jones76,0,0,,2024-04-27 06:18:59.195000+00:00,2024-04-27 06:18:59.195000+00:00,111,0.0,0,555,7,1
themilkdrinker_,0,0,,2024-11-19 03:00:28.950000+00:00,2024-11-19 03:00:28.950000+00:00,111,0.0,0,555,7,1
nyaniia,0,0,,2024-04-02 13:13:09.650000+00:00,2024-04-02 13:13:09.650000+00:00,111,0.0,0,555,7,1
michi_131211,0,0,,2025-05-19 06:39:11.820000+00:00,2025-05-19 06:39:11.820000+00:00,4,0.0,0,20,0,1
the.waterrmelon,0,0,,2024-04-27 14:06:38.414000+00:00,2024-04-27 14:06:38.414000+00:00,111,0.0,0,555,7,1
dean5011,0,0,,2024-05-07 16:43:16.832000+00:00,2024-05-07 16:43:16.832000+00:00,111,0.0,0,555,7,1
hellfool,0,0,,2025-05-13 02:39:36.233000+00:00,2025-05-13 02:39:36.233000+00:00,10,0.0,0,50,0,1
whitecity3,0,0,,2024-10-19 01:22:36.154000+00:00,2024-10-19 01:22:36.154000+00:00,111,0.0,0,555,7,1
lewdcatgirls,0,0,,2024-07-13 18:48:45.045000+00:00,2024-07-13 18:48:45.045000+00:00,111,0.0,0,555,7,1
.marchpane,0,0,,2024-05-13 11:23:31.787000+00:00,2024-05-13 11:23:31.787000+00:00,111,0.0,0,555,7,1
theoneeyedyonkou347,0,0,,2025-02-18 09:11:06.377000+00:00,2025-02-18 09:11:06.377000+00:00,94,0.0,0,470,6,1
xxcannyxx,0,0,,2024-09-25 06:40:21.647000+00:00,2024-09-25 06:40:21.647000+00:00,111,0.0,0,555,7,1
spleen4001,0,0,,2024-08-15 07:33:43.906000+00:00,2024-08-15 07:33:43.906000+00:00,111,0.0,0,555,7,1
davictory2003,0,0,,2024-09-25 20:40:01.852000+00:00,2024-09-25 20:40:01.852000+00:00,111,0.0,0,555,7,1
vocaloidweeb,0,0,,2024-07-19 18:19:43.464000+00:00,2024-07-19 18:19:43.464000+00:00,111,0.0,0,555,7,1
moe2479,0,0,,2024-09-25 06:16:15.440000+00:00,2024-09-25 06:16:15.440000+00:00,111,0.0,0,555,7,1
jefferson2432,0,0,,2024-09-23 13:56:49.164000+00:00,2024-09-23 13:56:49.164000+00:00,111,0.0,0,555,7,1
zealfujiwara,0,0,,2025-03-04 07:04:55.691000+00:00,2025-03-04 07:04:55.691000+00:00,80,0.0,0,400,5,1
midtierboots,0,0,,2024-12-01 03:09:07.515000+00:00,2024-12-01 03:09:07.515000+00:00,111,0.0,0,555,7,1
hulitan,0,0,,2024-11-20 14:16:35.248000+00:00,2024-11-20 14:16:35.248000+00:00,111,0.0,0,555,7,1
a_crrts,0,0,,2025-05-14 17:00:32.250000+00:00,2025-05-14 17:00:32.250000+00:00,8,0.0,0,40,0,1
kingsman212003,0,0,,2025-05-22 07:37:29.220000+00:00,2025-05-22 07:37:29.220000+00:00,1,0.0,0,5,0,1
dankdarko,0,0,,2024-02-15 17:13:19.509000+00:00,2024-02-15 17:13:19.509000+00:00,111,0.0,0,555,7,1
uidragonninja,0,0,,2024-05-02 22:50:58.241000+00:00,2024-05-02 22:50:58.241000+00:00,111,0.0,0,555,7,1
cuethekarma,0,0,,2024-04-02 03:02:30.530000+00:00,2024-04-02 03:02:30.530000+00:00,111,0.0,0,555,7,1
thisdeathcapwilleatyoursoul,0,0,,2024-05-03 01:21:42.168000+00:00,2024-05-03 01:21:42.168000+00:00,111,0.0,0,555,7,1
flawzingmyteeth,0,0,,2024-04-26 06:08:18.980000+00:00,2024-04-26 06:08:18.980000+00:00,111,0.0,0,555,7,1
senethen9621,9,247,2025-05-15 23:36:44.895000+00:00,2025-05-15 17:06:48.627000+00:00,2025-05-15 17:06:48.627000+00:00,7,0.26826691297251365,0,35,0,1
whysoserious47,0,0,,2024-09-30 14:57:49.310000+00:00,2024-09-30 14:57:49.310000+00:00,111,0.0,0,555,7,1
.sigure,0,0,,2025-05-13 06:43:24.308000+00:00,2025-05-13 06:43:24.308000+00:00,10,0.0,0,50,0,1
greyhame,0,0,,2024-10-17 00:43:05.067000+00:00,2024-10-17 00:43:05.067000+00:00,111,0.0,0,555,7,1
chribba,0,0,,2024-09-25 14:39:20.138000+00:00,2024-09-25 14:39:20.138000+00:00,111,0.0,0,555,7,1
mozerman,0,0,,2024-10-05 00:47:11.678000+00:00,2024-10-05 00:47:11.678000+00:00,111,0.0,0,555,7,1
thecrazyguy2,0,0,,2025-05-18 03:09:24.649000+00:00,2025-05-18 03:09:24.649000+00:00,5,0.0,0,25,0,1
rollincat,0,0,,2025-05-16 06:57:51.454000+00:00,2025-05-16 06:57:51.454000+00:00,7,0.0,0,35,0,1
sayuri_kb,0,0,,2024-02-15 15:36:34.567000+00:00,2024-02-15 15:36:34.567000+00:00,111,0.0,0,555,7,1
lazy_misaki,0,0,,2024-11-30 23:56:57.658000+00:00,2024-11-30 23:56:57.658000+00:00,111,0.0,0,555,7,1
.n037,0,0,,2025-05-10 21:49:20.268000+00:00,2025-05-10 21:49:20.268000+00:00,12,0.0,0,60,0,1
litwei512,0,0,,2025-05-21 18:01:43.713000+00:00,2025-05-21 18:01:43.713000+00:00,1,0.0,0,5,0,1
sarhat_of_shmagenrockbartek,0,0,,2024-10-14 06:53:47.463000+00:00,2024-10-14 06:53:47.463000+00:00,111,0.0,0,555,7,1
psykhanium,0,0,,2025-05-15 23:13:27.288000+00:00,2025-05-15 23:13:27.288000+00:00,7,0.0,0,35,0,1
chisataki_,0,0,,2024-12-25 14:41:10.579000+00:00,2024-12-25 14:41:10.579000+00:00,111,0.0,0,555,7,1
seasalticcecream,0,0,,2024-11-19 19:38:55.071000+00:00,2024-11-19 19:38:55.071000+00:00,111,0.0,0,555,7,1
robomunkey,0,0,,2024-05-11 20:50:25.123000+00:00,2024-05-11 20:50:25.123000+00:00,111,0.0,0,555,7,1
the_ivid_official,0,0,,2025-05-18 05:07:11.164000+00:00,2025-05-18 05:07:11.164000+00:00,5,0.0,0,25,0,1
zentriondoom,10,349,2025-05-16 11:06:47.966000+00:00,2025-05-15 18:57:06.287000+00:00,2025-05-15 18:57:06.287000+00:00,7,0.303553856019205,0,35,0,1
mumflr21,0,0,,2024-10-18 21:33:35.223000+00:00,2024-10-18 21:33:35.223000+00:00,111,0.0,0,555,7,1
roclaudiu2002,0,0,,2025-04-07 13:49:30.185000+00:00,2025-04-07 13:49:30.185000+00:00,46,0.0,0,230,3,1
boy_dm_,0,0,,2024-11-28 03:01:23.525000+00:00,2024-11-28 03:01:23.525000+00:00,111,0.0,0,555,7,1
rukongai,0,0,,2024-05-02 20:20:43.919000+00:00,2024-05-02 20:20:43.919000+00:00,111,0.0,0,555,7,1
.alb.e.do.,0,0,,2025-01-06 17:35:44.065000+00:00,2025-01-06 17:35:44.065000+00:00,111,0.0,0,555,7,1
uekaramartinroy,0,0,,2024-11-22 12:40:54.206000+00:00,2024-11-22 12:40:54.206000+00:00,111,0.0,0,555,7,1
.loyal.,0,0,,2025-05-16 06:57:03.027000+00:00,2025-05-16 06:57:03.027000+00:00,7,0.0,0,35,0,1
genadine.,1,529,2025-05-20 15:12:21.402000+00:00,2025-05-12 10:47:03.395000+00:00,2025-05-12 10:47:03.395000+00:00,11,0.09211111111111112,0,55,0,1
rofgull,0,0,,2025-05-20 21:01:06.943000+00:00,2025-05-20 21:01:06.943000+00:00,2,0.0,0,10,0,1
jaycoolrock727,0,0,,2024-09-25 04:11:05.826000+00:00,2024-09-25 04:11:05.826000+00:00,111,0.0,0,555,7,1
jeangens,0,0,,2024-05-05 21:03:17.112000+00:00,2024-05-05 21:03:17.112000+00:00,111,0.0,0,555,7,1
imcynful,0,0,,2025-04-23 06:43:33.232000+00:00,2025-04-23 06:43:33.232000+00:00,30,0.0,0,150,2,1
glikus,1,4,2025-05-19 14:19:45.548000+00:00,2025-05-16 09:08:00.692000+00:00,2025-05-16 09:08:00.692000+00:00,7,0.033777777777777775,0,35,0,1
not.abs,0,0,,2024-09-26 15:09:45.832000+00:00,2024-09-26 15:09:45.832000+00:00,111,0.0,0,555,7,1
bowremy,0,0,,2024-11-08 10:20:53.924000+00:00,2024-11-08 10:20:53.924000+00:00,111,0.0,0,555,7,1
caffeinatedbevs,0,0,,2025-02-09 23:38:34.139000+00:00,2025-02-09 23:38:34.139000+00:00,102,0.0,0,510,7,1
flufferdoodles,0,0,,2024-05-07 06:35:07.575000+00:00,2024-05-07 06:35:07.575000+00:00,111,0.0,0,555,7,1
bu77munch,0,0,,2024-05-17 08:36:28.684000+00:00,2024-05-17 08:36:28.684000+00:00,111,0.0,0,555,7,1
_runa_88,0,0,,2025-02-24 15:04:03.515000+00:00,2025-02-24 15:04:03.515000+00:00,88,0.0,0,440,6,1
psybrawn,0,0,,2024-04-27 06:21:42.513000+00:00,2024-04-27 06:21:42.513000+00:00,111,0.0,0,555,7,1
tumult1499,0,0,,2024-04-20 12:21:52.198000+00:00,2024-04-20 12:21:52.198000+00:00,111,0.0,0,555,7,1
youssef_loves_u,0,0,,2024-05-31 20:27:05.109000+00:00,2024-05-31 20:27:05.109000+00:00,111,0.0,0,555,7,1
ot4kuk1ng,0,0,,2024-09-26 17:33:48.201000+00:00,2024-09-26 17:33:48.201000+00:00,111,0.0,0,555,7,1
leonardorpth,0,0,,2024-09-10 21:55:31.566000+00:00,2024-09-10 21:55:31.566000+00:00,111,0.0,0,555,7,1
agixa,0,0,,2024-05-07 03:05:15.932000+00:00,2024-05-07 03:05:15.932000+00:00,111,0.0,0,555,7,1
pazsal,0,0,,2024-05-07 01:39:21.869000+00:00,2024-05-07 01:39:21.869000+00:00,111,0.0,0,555,7,1
chrismlaw,0,0,,2024-04-27 08:47:55.542000+00:00,2024-04-27 08:47:55.542000+00:00,111,0.0,0,555,7,1
_juanv,0,0,,2024-10-14 01:29:40.664000+00:00,2024-10-14 01:29:40.664000+00:00,111,0.0,0,555,7,1
iamdonald,0,0,,2024-11-23 05:05:12.878000+00:00,2024-11-23 05:05:12.878000+00:00,111,0.0,0,555,7,1
vodosouls,0,0,,2025-04-02 15:48:37.859000+00:00,2025-04-02 15:48:37.859000+00:00,50,0.0,0,250,3,1
sunlightoverdrive,0,0,,2024-05-20 18:58:18.080000+00:00,2024-05-20 18:58:18.080000+00:00,111,0.0,0,555,7,1
shyad,0,0,,2025-01-01 03:17:46.059000+00:00,2025-01-01 03:17:46.059000+00:00,111,0.0,0,555,7,1
saiyengab,0,0,,2025-05-15 16:09:35.331000+00:00,2025-05-15 16:09:35.331000+00:00,7,0.0,0,35,0,1
crysear,0,0,,2024-09-06 12:32:32.524000+00:00,2024-09-06 12:32:32.524000+00:00,111,0.0,0,555,7,1
robzro,0,0,,2024-05-11 10:33:25.221000+00:00,2024-05-11 10:33:25.221000+00:00,111,0.0,0,555,7,1
flashcordphoto,0,0,,2024-11-26 11:08:07.815000+00:00,2024-11-26 11:08:07.815000+00:00,111,0.0,0,555,7,1
thryll,0,0,,2024-05-06 00:07:56.763000+00:00,2024-05-06 00:07:56.763000+00:00,111,0.0,0,555,7,1
.problem,0,0,,2025-05-18 04:29:29.697000+00:00,2025-05-18 04:29:29.697000+00:00,5,0.0,0,25,0,1
maidss,0,0,,2024-02-11 19:17:53.426000+00:00,2024-02-11 19:17:53.426000+00:00,111,0.0,0,555,7,1
moomoowhitecow,3,40,2025-05-15 18:43:34.517000+00:00,2025-05-15 18:41:52.079000+00:00,2025-05-15 18:41:52.079000+00:00,7,0.09404029042852066,0,35,0,1
yashimazuke,12,561,2025-05-12 18:33:44.907000+00:00,2025-05-06 16:20:40.082000+00:00,2025-05-06 16:20:40.082000+00:00,16,0.37432419009505474,0,80,1,1
ghostofmatt,0,0,,2024-02-09 17:59:45.769000+00:00,2024-02-09 17:59:45.769000+00:00,111,0.0,0,555,7,1
wirewyrm,0,0,,2024-05-01 02:40:30.639000+00:00,2024-05-01 02:40:30.639000+00:00,111,0.0,0,555,7,1
thezapped,0,0,,2024-05-20 13:21:20.631000+00:00,2024-05-20 13:21:20.631000+00:00,111,0.0,0,555,7,1
gogocons,0,0,,2024-11-22 17:20:15.987000+00:00,2024-11-22 17:20:15.987000+00:00,111,0.0,0,555,7,1
clice,0,0,,2024-08-04 17:27:53.621000+00:00,2024-08-04 17:27:53.621000+00:00,111,0.0,0,555,7,1
gldxn,0,0,,2024-04-14 15:43:27.624000+00:00,2024-04-14 15:43:27.624000+00:00,111,0.0,0,555,7,1
mynx1011,0,0,,2024-06-16 10:06:19.242000+00:00,2024-06-16 10:06:19.242000+00:00,111,0.0,0,555,7,1
retrogotgamez,0,0,,2024-12-25 16:48:22.811000+00:00,2024-12-25 16:48:22.811000+00:00,111,0.0,0,555,7,1
jean__jacky,0,0,,2024-11-27 05:43:33.576000+00:00,2024-11-27 05:43:33.576000+00:00,111,0.0,0,555,7,1
usemastergalaxy,0,0,,2024-11-08 08:29:07.865000+00:00,2024-11-08 08:29:07.865000+00:00,111,0.0,0,555,7,1
arc6634,0,0,,2025-04-23 00:36:07.939000+00:00,2025-04-23 00:36:07.939000+00:00,30,0.0,0,150,2,1
stussykage,0,0,,2024-06-02 16:53:58.131000+00:00,2024-06-02 16:53:58.131000+00:00,111,0.0,0,555,7,1
tier.tickler0z,0,0,,2024-10-27 02:02:02.984000+00:00,2024-10-27 02:02:02.984000+00:00,111,0.0,0,555,7,1
miggs2,0,0,,2024-04-28 16:42:05.602000+00:00,2024-04-28 16:42:05.602000+00:00,111,0.0,0,555,7,1
flow_yaka,0,0,,2024-05-21 08:48:16.802000+00:00,2024-05-21 08:48:16.802000+00:00,111,0.0,0,555,7,1
blitzalwaysslay,0,0,,2025-02-19 17:41:03.782000+00:00,2025-02-19 17:41:03.782000+00:00,92,0.0,0,460,6,1
simbascreams,0,0,,2024-12-24 00:57:21.608000+00:00,2024-12-24 00:57:21.608000+00:00,111,0.0,0,555,7,1
ethers7,0,0,,2024-04-30 23:43:54.766000+00:00,2024-04-30 23:43:54.766000+00:00,111,0.0,0,555,7,1
clear9050,0,0,,2024-10-19 00:47:51.346000+00:00,2024-10-19 00:47:51.346000+00:00,111,0.0,0,555,7,1
helvettti,0,0,,2024-10-03 06:45:21.728000+00:00,2024-10-03 06:45:21.728000+00:00,111,0.0,0,555,7,1
luu02666,23,604,2025-05-15 16:10:47.229000+00:00,2025-05-12 18:11:15.388000+00:00,2025-05-12 18:11:15.388000+00:00,10,0.6274281092376596,1,50,0,1
sai_sunless,0,0,,2024-09-26 01:52:51.791000+00:00,2024-09-26 01:52:51.791000+00:00,111,0.0,0,555,7,1
za.za_12,0,0,,2024-06-04 05:23:43.390000+00:00,2024-06-04 05:23:43.390000+00:00,111,0.0,0,555,7,1
darkrii,0,0,,2024-04-05 02:24:42.644000+00:00,2024-04-05 02:24:42.644000+00:00,111,0.0,0,555,7,1
xxmasterpapixx,0,0,,2025-01-09 22:00:07.494000+00:00,2025-01-09 22:00:07.494000+00:00,111,0.0,0,555,7,1
uncle_taz,3,80,2025-05-06 21:36:08.764000+00:00,2025-05-06 21:33:14.151000+00:00,2025-05-06 21:33:14.151000+00:00,16,0.09848473487296511,0,80,1,1
.misaka,0,0,,2025-04-02 11:17:48.854000+00:00,2025-04-02 11:17:48.854000+00:00,51,0.0,0,255,3,1
sc14,0,0,,2025-01-10 06:54:46.375000+00:00,2025-01-10 06:54:46.375000+00:00,111,0.0,0,555,7,1
sicarolov,0,0,,2024-09-25 15:57:58.665000+00:00,2024-09-25 15:57:58.665000+00:00,111,0.0,0,555,7,1
lord.galahad,0,0,,2025-01-24 21:45:58.145000+00:00,2025-01-24 21:45:58.145000+00:00,111,0.0,0,555,7,1
amun_tehuti,0,0,,2024-07-11 03:55:45.603000+00:00,2024-07-11 03:55:45.603000+00:00,111,0.0,0,555,7,1
bsaiyan3,0,0,,2025-05-13 13:42:52.213000+00:00,2025-05-13 13:42:52.213000+00:00,10,0.0,0,50,0,1
krakentv,0,0,,2024-11-22 08:32:53.192000+00:00,2024-11-22 08:32:53.192000+00:00,111,0.0,0,555,7,1
newt_206,0,0,,2024-03-30 16:34:25.529000+00:00,2024-03-30 16:34:25.529000+00:00,111,0.0,0,555,7,1
6_9s,0,0,,2024-11-14 06:58:11.678000+00:00,2024-11-14 06:58:11.678000+00:00,111,0.0,0,555,7,1
huuhaah,0,0,,2025-04-09 00:21:41.126000+00:00,2025-04-09 00:21:41.126000+00:00,44,0.0,0,220,3,1
wetbiscuit.,0,0,,2024-04-29 16:00:20.751000+00:00,2024-04-29 16:00:20.751000+00:00,111,0.0,0,555,7,1
goodcompanybutpickled,0,0,,2024-02-25 21:26:37.733000+00:00,2024-02-25 21:26:37.733000+00:00,111,0.0,0,555,7,1
hugekingcobra,0,0,,2024-09-26 17:16:22.620000+00:00,2024-09-26 17:16:22.620000+00:00,111,0.0,0,555,7,1
nyo_oli,0,0,,2023-09-14 21:35:32.501000+00:00,2023-09-14 21:35:32.501000+00:00,111,0.0,0,555,7,1
sarcasm83,0,0,,2024-03-30 22:10:11.157000+00:00,2024-03-30 22:10:11.157000+00:00,111,0.0,0,555,7,1
zelasanzelako,0,0,,2024-06-03 15:12:15.649000+00:00,2024-06-03 15:12:15.649000+00:00,111,0.0,0,555,7,1
kazuhirasakura,0,0,,2024-11-24 14:22:02.313000+00:00,2024-11-24 14:22:02.313000+00:00,111,0.0,0,555,7,1
davidd2349,0,0,,2024-06-26 18:22:10.149000+00:00,2024-06-26 18:22:10.149000+00:00,111,0.0,0,555,7,1
kitsunetaiga,0,0,,2024-05-02 12:14:09.551000+00:00,2024-05-02 12:14:09.551000+00:00,111,0.0,0,555,7,1
vtpirate,0,0,,2025-02-13 00:49:46.163000+00:00,2025-02-13 00:49:46.163000+00:00,99,0.0,0,495,7,1
curky.,0,0,,2024-09-27 15:17:14.639000+00:00,2024-09-27 15:17:14.639000+00:00,111,0.0,0,555,7,1
svintopop,0,0,,2024-11-19 16:04:22.016000+00:00,2024-11-19 16:04:22.016000+00:00,111,0.0,0,555,7,1
jomyneko,0,0,,2025-03-13 00:52:31.705000+00:00,2025-03-13 00:52:31.705000+00:00,71,0.0,0,355,5,1
godzillamikey,0,0,,2024-05-30 17:18:48.319000+00:00,2024-05-30 17:18:48.319000+00:00,111,0.0,0,555,7,1
jubeikuragami,0,0,,2024-05-01 12:49:26.208000+00:00,2024-05-01 12:49:26.208000+00:00,111,0.0,0,555,7,1
yk7r,0,0,,2025-01-13 01:48:43.590000+00:00,2025-01-13 01:48:43.590000+00:00,111,0.0,0,555,7,1
grinse01,0,0,,2024-03-28 07:36:46.362000+00:00,2024-03-28 07:36:46.362000+00:00,111,0.0,0,555,7,1
wildtiger1281,0,0,,2024-04-30 23:49:18.435000+00:00,2024-04-30 23:49:18.435000+00:00,111,0.0,0,555,7,1
cocodrilo,0,0,,2024-12-18 23:21:50.069000+00:00,2024-12-18 23:21:50.069000+00:00,111,0.0,0,555,7,1
nyongnyong1171,0,0,,2025-02-15 14:11:44.261000+00:00,2025-02-15 14:11:44.261000+00:00,97,0.0,0,485,6,1
wizard3002,0,0,,2024-05-12 08:23:31.943000+00:00,2024-05-12 08:23:31.943000+00:00,111,0.0,0,555,7,1
cuboid4536,0,0,,2024-05-02 03:53:45.009000+00:00,2024-05-02 03:53:45.009000+00:00,111,0.0,0,555,7,1
fathermentality,0,0,,2024-09-14 23:56:20.505000+00:00,2024-09-14 23:56:20.505000+00:00,111,0.0,0,555,7,1
garzilla3,0,0,,2024-12-03 14:19:25.042000+00:00,2024-12-03 14:19:25.042000+00:00,111,0.0,0,555,7,1
neptune8263,0,0,,2024-12-19 10:50:42.677000+00:00,2024-12-19 10:50:42.677000+00:00,111,0.0,0,555,7,1
elipb,0,0,,2025-05-04 23:26:00.112000+00:00,2025-05-04 23:26:00.112000+00:00,18,0.0,0,90,1,1
janpukantoku,0,0,,2024-05-21 04:13:17.633000+00:00,2024-05-21 04:13:17.633000+00:00,111,0.0,0,555,7,1
agrotor,0,0,,2025-03-31 08:32:14.083000+00:00,2025-03-31 08:32:14.083000+00:00,53,0.0,0,265,3,1
lookasw84,0,0,,2025-05-17 11:03:10.156000+00:00,2025-05-17 11:03:10.156000+00:00,6,0.0,0,30,0,1
leasthornyinternetguy,0,0,,2024-11-10 15:54:07.299000+00:00,2024-11-10 15:54:07.299000+00:00,111,0.0,0,555,7,1
thehighcouncil,0,0,,2024-02-20 05:09:45.439000+00:00,2024-02-20 05:09:45.439000+00:00,111,0.0,0,555,7,1
fartlover5432,0,0,,2024-11-17 00:32:57.467000+00:00,2024-11-17 00:32:57.467000+00:00,111,0.0,0,555,7,1
.greengene,0,0,,2024-09-26 14:07:06.683000+00:00,2024-09-26 14:07:06.683000+00:00,111,0.0,0,555,7,1
_r3tro,0,0,,2024-09-25 17:21:12.353000+00:00,2024-09-25 17:21:12.353000+00:00,111,0.0,0,555,7,1
tierben,0,0,,2024-09-25 19:21:33.925000+00:00,2024-09-25 19:21:33.925000+00:00,111,0.0,0,555,7,1
captainchurro_,0,0,,2024-09-25 23:59:42.599000+00:00,2024-09-25 23:59:42.599000+00:00,111,0.0,0,555,7,1
bobby0487,0,0,,2024-05-10 04:46:33.930000+00:00,2024-05-10 04:46:33.930000+00:00,111,0.0,0,555,7,1
dante8904,0,0,,2024-12-27 06:04:00.908000+00:00,2024-12-27 06:04:00.908000+00:00,111,0.0,0,555,7,1
andro_3idos69,0,0,,2024-09-17 19:58:51.792000+00:00,2024-09-17 19:58:51.792000+00:00,111,0.0,0,555,7,1
theykilledkeny,0,0,,2024-12-02 10:56:42.705000+00:00,2024-12-02 10:56:42.705000+00:00,111,0.0,0,555,7,1
adrianek,0,0,,2024-02-19 15:00:13.222000+00:00,2024-02-19 15:00:13.222000+00:00,111,0.0,0,555,7,1
zarathustra4029,0,0,,2025-05-15 23:07:18.143000+00:00,2025-05-15 23:07:18.143000+00:00,7,0.0,0,35,0,1
wynn1359,0,0,,2025-05-18 20:28:41.474000+00:00,2025-05-18 20:28:41.474000+00:00,4,0.0,0,20,0,1
giantcookiejar,0,0,,2024-04-09 22:04:10.931000+00:00,2024-04-09 22:04:10.931000+00:00,111,0.0,0,555,7,1
raptor567,0,0,,2024-09-25 15:58:51.122000+00:00,2024-09-25 15:58:51.122000+00:00,111,0.0,0,555,7,1
ayudin,0,0,,2025-05-23 03:11:01.192000+00:00,2025-05-23 03:11:01.192000+00:00,1,0.0,0,5,0,1
chrry_b99,55,2372,2025-05-16 04:22:59.935000+00:00,2025-05-16 04:16:55.512000+00:00,2025-05-16 04:16:55.512000+00:00,7,1.4915747804416017,1,35,0,1
foxy________,0,0,,2024-04-26 11:19:43.574000+00:00,2024-04-26 11:19:43.574000+00:00,111,0.0,0,555,7,1
humbby,0,0,,2024-05-01 08:37:50.497000+00:00,2024-05-01 08:37:50.497000+00:00,111,0.0,0,555,7,1
justicebox,0,0,,2024-04-26 17:34:23.015000+00:00,2024-04-26 17:34:23.015000+00:00,111,0.0,0,555,7,1
humblefoxenjoyer,2,72,2025-05-15 20:30:47.579000+00:00,2025-05-19 19:14:01.911000+00:00,2025-05-15 20:30:47.579000+00:00,7,0.07020219943578716,0,35,0,1
loco4yoko,27,916,2025-05-20 16:13:37.327000+00:00,2025-05-18 13:15:51.286000+00:00,2025-05-18 13:15:51.286000+00:00,5,0.7490785617701557,1,25,0,1
_kiripima,0,0,,2024-09-26 17:27:28.494000+00:00,2024-09-26 17:27:28.494000+00:00,111,0.0,0,555,7,1
mr.plaguemask.,0,0,,2024-09-26 03:12:50.762000+00:00,2024-09-26 03:12:50.762000+00:00,111,0.0,0,555,7,1
achtheultimate,0,0,,2024-05-01 19:41:36.651000+00:00,2024-05-01 19:41:36.651000+00:00,111,0.0,0,555,7,1
thats_crazy05,0,0,,2025-02-07 01:40:54.890000+00:00,2025-02-07 01:40:54.890000+00:00,105,0.0,0,525,7,1
adrak0,0,0,,2025-03-24 16:49:38.473000+00:00,2025-03-24 16:49:38.473000+00:00,59,0.0,0,295,4,1
aevaris_nethudir,0,0,,2024-03-30 20:24:26.635000+00:00,2024-03-30 20:24:26.635000+00:00,111,0.0,0,555,7,1
poisonszabolcs,0,0,,2024-06-25 04:59:45.725000+00:00,2024-06-25 04:59:45.725000+00:00,111,0.0,0,555,7,1
jaxsolton,0,0,,2024-11-23 13:39:30.918000+00:00,2024-11-23 13:39:30.918000+00:00,111,0.0,0,555,7,1
duppie8934,0,0,,2024-02-15 16:03:01.875000+00:00,2024-02-15 16:03:01.875000+00:00,111,0.0,0,555,7,1
wock_,0,0,,2024-04-29 12:55:52.731000+00:00,2024-04-29 12:55:52.731000+00:00,111,0.0,0,555,7,1
thephantasymonarch,0,0,,2024-09-26 13:52:17.694000+00:00,2024-09-26 13:52:17.694000+00:00,111,0.0,0,555,7,1
kenjiyoyo,0,0,,2024-09-25 18:45:22.380000+00:00,2024-09-25 18:45:22.380000+00:00,111,0.0,0,555,7,1
quibee,0,0,,2024-04-28 01:10:59.661000+00:00,2024-04-28 01:10:59.661000+00:00,111,0.0,0,555,7,1
j3susd,0,0,,2024-04-26 16:36:11.206000+00:00,2024-04-26 16:36:11.206000+00:00,111,0.0,0,555,7,1
makoria,0,0,,2024-04-28 05:48:56.620000+00:00,2024-04-28 05:48:56.620000+00:00,111,0.0,0,555,7,1
soma1one,0,0,,2024-12-25 21:25:35.892000+00:00,2024-12-25 21:25:35.892000+00:00,111,0.0,0,555,7,1
azard300,0,0,,2024-11-05 00:52:03.902000+00:00,2024-11-05 00:52:03.902000+00:00,111,0.0,0,555,7,1
jjkujhawk,0,0,,2024-04-06 02:07:23.328000+00:00,2024-04-06 02:07:23.328000+00:00,111,0.0,0,555,7,1
xas7hur,0,0,,2024-03-31 10:17:14.837000+00:00,2024-03-31 10:17:14.837000+00:00,111,0.0,0,555,7,1
razorhawgg,0,0,,2024-09-25 13:09:44.376000+00:00,2024-09-25 13:09:44.376000+00:00,111,0.0,0,555,7,1
darkbright.,0,0,,2024-11-12 05:56:29.981000+00:00,2024-11-12 05:56:29.981000+00:00,111,0.0,0,555,7,1
lodin2,0,0,,2024-11-21 04:03:35.095000+00:00,2024-11-21 04:03:35.095000+00:00,111,0.0,0,555,7,1
riccmaru,0,0,,2024-10-06 16:59:47.665000+00:00,2024-10-06 16:59:47.665000+00:00,111,0.0,0,555,7,1
jow_the_shy,0,0,,2024-11-05 14:10:18.256000+00:00,2024-11-05 14:10:18.256000+00:00,111,0.0,0,555,7,1
sora3650,0,0,,2024-12-17 17:20:24.030000+00:00,2024-12-17 17:20:24.030000+00:00,111,0.0,0,555,7,1
_zyla,0,0,,2025-04-30 14:55:27.988000+00:00,2025-04-30 14:55:27.988000+00:00,23,0.0,0,115,1,1
boxcards,0,0,,2024-05-03 10:51:31.818000+00:00,2024-05-03 10:51:31.818000+00:00,111,0.0,0,555,7,1
_secret_asian_man_,0,0,,2024-09-26 13:09:02.649000+00:00,2024-09-26 13:09:02.649000+00:00,111,0.0,0,555,7,1
1337vik,0,0,,2024-04-29 03:48:15.926000+00:00,2024-04-29 03:48:15.926000+00:00,111,0.0,0,555,7,1
flagdad7777,0,0,,2024-09-25 03:25:10.633000+00:00,2024-09-25 03:25:10.633000+00:00,111,0.0,0,555,7,1
settpolite,0,0,,2025-05-16 16:14:53.442000+00:00,2025-05-16 16:14:53.442000+00:00,6,0.0,0,30,0,1
taiki176,0,0,,2024-12-31 10:32:44.195000+00:00,2024-12-31 10:32:44.195000+00:00,111,0.0,0,555,7,1
hosty2708,0,0,,2025-03-12 13:08:29.830000+00:00,2025-03-12 13:08:29.830000+00:00,72,0.0,0,360,5,1
cosmics_shadow,0,0,,2025-05-15 16:12:28.233000+00:00,2025-05-15 16:12:28.233000+00:00,7,0.0,0,35,0,1
senseigan,0,0,,2024-05-03 01:54:55.646000+00:00,2024-05-03 01:54:55.646000+00:00,111,0.0,0,555,7,1
edwardkieran,0,0,,2025-05-15 17:57:52.263000+00:00,2025-05-15 17:57:52.263000+00:00,7,0.0,0,35,0,1
thegentlelynx,0,0,,2024-06-10 15:04:26.421000+00:00,2024-06-10 15:04:26.421000+00:00,111,0.0,0,555,7,1
p_riera,0,0,,2025-01-17 21:32:09.396000+00:00,2025-01-17 21:32:09.396000+00:00,111,0.0,0,555,7,1
maj_7274,0,0,,2024-05-23 22:20:46.255000+00:00,2024-05-23 22:20:46.255000+00:00,111,0.0,0,555,7,1
guardian2666,0,0,,2025-05-15 16:05:18.641000+00:00,2025-05-15 16:05:18.641000+00:00,7,0.0,0,35,0,1
lukaku,0,0,,2025-04-21 18:31:08.993000+00:00,2025-04-21 18:31:08.993000+00:00,31,0.0,0,155,2,1
ivanmotivated,0,0,,2025-05-15 16:02:32.807000+00:00,2025-05-15 16:02:32.807000+00:00,7,0.0,0,35,0,1
bluearmordragon,0,0,,2025-02-17 17:07:32.380000+00:00,2025-02-17 17:07:32.380000+00:00,94,0.0,0,470,6,1
raywygo,0,0,,2024-03-31 00:10:05.540000+00:00,2024-03-31 00:10:05.540000+00:00,111,0.0,0,555,7,1
kahlan_a,0,0,,2024-11-20 15:46:40.050000+00:00,2024-11-20 15:46:40.050000+00:00,111,0.0,0,555,7,1
ryukred,0,0,,2024-08-08 04:41:58.808000+00:00,2024-08-08 04:41:58.808000+00:00,111,0.0,0,555,7,1
.aidikei.,0,0,,2024-04-03 12:29:05.843000+00:00,2024-04-03 12:29:05.843000+00:00,111,0.0,0,555,7,1
playboicami,0,0,,2024-11-26 07:56:54.525000+00:00,2024-11-26 07:56:54.525000+00:00,111,0.0,0,555,7,1
illu70707ue,0,0,,2025-05-10 11:40:39.724000+00:00,2025-05-10 11:40:39.724000+00:00,13,0.0,0,65,0,1
mr2thumbs,0,0,,2024-10-02 18:35:57.877000+00:00,2024-10-02 18:35:57.877000+00:00,111,0.0,0,555,7,1
synorai,0,0,,2024-04-02 08:12:26.739000+00:00,2024-04-02 08:12:26.739000+00:00,111,0.0,0,555,7,1
doobiedoodoo,0,0,,2024-12-16 00:24:42.532000+00:00,2024-12-16 00:24:42.532000+00:00,111,0.0,0,555,7,1
deoku,0,0,,2024-04-20 04:09:52.753000+00:00,2024-04-20 04:09:52.753000+00:00,111,0.0,0,555,7,1
nebulablaze,0,0,,2025-05-16 06:53:26.929000+00:00,2025-05-16 06:53:26.929000+00:00,7,0.0,0,35,0,1
memo_sk,0,0,,2024-03-23 22:44:34.346000+00:00,2024-03-23 22:44:34.346000+00:00,111,0.0,0,555,7,1
sir_zoidbirg,0,0,,2025-05-15 19:41:22.878000+00:00,2025-05-15 19:41:22.878000+00:00,7,0.0,0,35,0,1
bugenhogen,0,0,,2024-09-25 15:22:33.327000+00:00,2024-09-25 15:22:33.327000+00:00,111,0.0,0,555,7,1
akipainalex,0,0,,2024-04-27 12:59:02.895000+00:00,2024-04-27 12:59:02.895000+00:00,111,0.0,0,555,7,1
grey_z_shooter,0,0,,2024-11-22 16:15:11.476000+00:00,2024-11-22 16:15:11.476000+00:00,111,0.0,0,555,7,1
zenor3909,0,0,,2024-10-31 14:15:34.237000+00:00,2024-10-31 14:15:34.237000+00:00,111,0.0,0,555,7,1
barl4473,0,0,,2024-05-04 00:51:35.362000+00:00,2024-05-04 00:51:35.362000+00:00,111,0.0,0,555,7,1
ausama95,0,0,,2024-09-26 04:27:42.091000+00:00,2024-09-26 04:27:42.091000+00:00,111,0.0,0,555,7,1
rosenhide,0,0,,2025-05-18 16:27:06.978000+00:00,2025-05-18 16:27:06.978000+00:00,4,0.0,0,20,0,1
washedpeak6,0,0,,2025-02-12 23:56:48.705000+00:00,2025-02-12 23:56:48.705000+00:00,99,0.0,0,495,7,1
reshicrok,0,0,,2025-04-17 11:33:29.677000+00:00,2025-04-17 11:33:29.677000+00:00,36,0.0,0,180,2,1
tortol_tortol,0,0,,2024-11-21 02:17:56.278000+00:00,2024-11-21 02:17:56.278000+00:00,111,0.0,0,555,7,1
mayo_nut,0,0,,2025-01-28 19:14:55.795000+00:00,2025-01-28 19:14:55.795000+00:00,111,0.0,0,555,7,1
matty_fernatty,0,0,,2024-10-20 22:14:18.466000+00:00,2024-10-20 22:14:18.466000+00:00,111,0.0,0,555,7,1
laughingfish,0,0,,2025-02-17 04:32:49.387000+00:00,2025-02-17 04:32:49.387000+00:00,95,0.0,0,475,6,1
sujibun,1,13,2025-05-23 12:13:01.156000+00:00,2025-05-23 03:10:43.822000+00:00,2025-05-23 03:10:43.822000+00:00,1,0.034777777777777776,0,5,0,1
fhlae_bella,0,0,,2024-11-19 15:00:35.250000+00:00,2024-11-19 15:00:35.250000+00:00,111,0.0,0,555,7,1
blazephantom,0,0,,2024-04-28 22:39:33.915000+00:00,2024-04-28 22:39:33.915000+00:00,111,0.0,0,555,7,1
hom1elul,0,0,,2024-05-21 23:17:03.257000+00:00,2024-05-21 23:17:03.257000+00:00,111,0.0,0,555,7,1
_michaelgm,0,0,,2024-10-30 16:58:09.926000+00:00,2024-10-30 16:58:09.926000+00:00,111,0.0,0,555,7,1
xthetaco,0,0,,2024-04-16 13:41:25.995000+00:00,2024-04-16 13:41:25.995000+00:00,111,0.0,0,555,7,1
sabos,0,0,,2024-08-04 00:37:44.139000+00:00,2024-08-04 00:37:44.139000+00:00,111,0.0,0,555,7,1
aint_it_crazy,0,0,,2024-05-02 04:26:50.444000+00:00,2024-05-02 04:26:50.444000+00:00,111,0.0,0,555,7,1
._ih8u_.,0,0,,2024-02-15 16:26:14.994000+00:00,2024-02-15 16:26:14.994000+00:00,111,0.0,0,555,7,1
hottiemcmuffin,0,0,,2024-10-06 19:21:48.913000+00:00,2024-10-06 19:21:48.913000+00:00,111,0.0,0,555,7,1
._justajinx_.,0,0,,2025-05-18 20:29:46.148000+00:00,2025-05-18 20:29:46.148000+00:00,4,0.0,0,20,0,1
eggsees,12,701,2025-05-16 01:10:06.147000+00:00,2025-05-15 12:48:24.550000+00:00,2025-05-15 12:48:24.550000+00:00,8,0.3898797456506103,0,40,0,1
justice.league,0,0,,2024-04-27 10:09:51.783000+00:00,2024-04-27 10:09:51.783000+00:00,111,0.0,0,555,7,1
subcomandantemarcos,0,0,,2024-11-06 06:58:36.735000+00:00,2024-11-06 06:58:36.735000+00:00,111,0.0,0,555,7,1
ilovegawrgura,0,0,,2024-07-26 09:27:26.189000+00:00,2024-07-26 09:27:26.189000+00:00,111,0.0,0,555,7,1
kogaballin,0,0,,2024-11-18 02:13:13.945000+00:00,2024-11-18 02:13:13.945000+00:00,111,0.0,0,555,7,1
zan_99,0,0,,2025-05-20 06:57:42.907000+00:00,2025-05-20 06:57:42.907000+00:00,3,0.0,0,15,0,1
theseconderkem,0,0,,2024-05-01 05:32:56.668000+00:00,2024-05-01 05:32:56.668000+00:00,111,0.0,0,555,7,1
rapsynrev,0,0,,2024-04-25 03:34:06.375000+00:00,2024-04-25 03:34:06.375000+00:00,111,0.0,0,555,7,1
correctivekisame,0,0,,2024-05-10 15:14:14.020000+00:00,2024-05-10 15:14:14.020000+00:00,111,0.0,0,555,7,1
nomadwarhead,0,0,,2024-09-04 05:56:26.205000+00:00,2024-09-04 05:56:26.205000+00:00,111,0.0,0,555,7,1
xiujian,0,0,,2024-04-27 06:15:33.124000+00:00,2024-04-27 06:15:33.124000+00:00,111,0.0,0,555,7,1
x3maibu,0,0,,2024-03-09 00:29:15.821000+00:00,2024-03-09 00:29:15.821000+00:00,111,0.0,0,555,7,1
rookystarfish78,0,0,,2025-01-04 00:39:29.225000+00:00,2025-01-04 00:39:29.225000+00:00,111,0.0,0,555,7,1
necro1031,0,0,,2024-05-17 01:47:22.523000+00:00,2024-05-17 01:47:22.523000+00:00,111,0.0,0,555,7,1
carib81,0,0,,2024-04-24 01:42:10.277000+00:00,2024-04-24 01:42:10.277000+00:00,111,0.0,0,555,7,1
boogg777,3,205,2025-05-11 12:55:48.347000+00:00,2025-05-10 21:35:25.476000+00:00,2025-05-10 21:35:25.476000+00:00,12,0.11237362376185399,0,60,0,1
arkhaos,0,0,,2024-03-29 16:39:57.926000+00:00,2024-03-29 16:39:57.926000+00:00,111,0.0,0,555,7,1
.varelse,0,0,,2025-03-17 17:46:32.953000+00:00,2025-03-17 17:46:32.953000+00:00,66,0.0,0,330,4,1
gorzius,0,0,,2024-09-25 15:50:24.397000+00:00,2024-09-25 15:50:24.397000+00:00,111,0.0,0,555,7,1
mythosofs,0,0,,2025-03-26 17:54:36.693000+00:00,2025-03-26 17:54:36.693000+00:00,57,0.0,0,285,4,1
tafil,0,0,,2024-07-20 11:38:42.265000+00:00,2024-07-20 11:38:42.265000+00:00,111,0.0,0,555,7,1
gregoire_mllrd,0,0,,2025-05-15 07:56:34.097000+00:00,2025-05-15 07:56:34.097000+00:00,8,0.0,0,40,0,1
assassintbc,0,0,,2024-09-25 03:08:05.790000+00:00,2024-09-25 03:08:05.790000+00:00,111,0.0,0,555,7,1
yoshitsune_kistune_good_tunes,0,0,,2024-12-18 16:18:52.349000+00:00,2024-12-18 16:18:52.349000+00:00,111,0.0,0,555,7,1
suchus,0,0,,2024-07-14 09:02:53.958000+00:00,2024-07-14 09:02:53.958000+00:00,111,0.0,0,555,7,1
kero5862,0,0,,2024-04-21 11:48:38.738000+00:00,2024-04-21 11:48:38.738000+00:00,111,0.0,0,555,7,1
pixiponpon,0,0,,2024-05-04 21:43:27.618000+00:00,2024-05-04 21:43:27.618000+00:00,111,0.0,0,555,7,1
lonerreflex,0,0,,2024-12-21 08:10:57.714000+00:00,2024-12-21 08:10:57.714000+00:00,111,0.0,0,555,7,1
xehanort4047,0,0,,2024-09-26 17:51:51.228000+00:00,2024-09-26 17:51:51.228000+00:00,111,0.0,0,555,7,1
juho2017,0,0,,2025-02-27 13:18:03.248000+00:00,2025-02-27 13:18:03.248000+00:00,85,0.0,0,425,6,1
leakyfrube,0,0,,2024-03-16 11:53:14.143000+00:00,2024-03-16 11:53:14.143000+00:00,111,0.0,0,555,7,1
modernintervention,0,0,,2024-07-24 02:22:24.133000+00:00,2024-07-24 02:22:24.133000+00:00,111,0.0,0,555,7,1
sonanoona,0,0,,2024-06-16 02:52:10.416000+00:00,2024-06-16 02:52:10.416000+00:00,111,0.0,0,555,7,1
nerdberto,0,0,,2024-05-27 06:08:56.465000+00:00,2024-05-27 06:08:56.465000+00:00,111,0.0,0,555,7,1
anni9606,0,0,,2024-11-25 18:46:26.790000+00:00,2024-11-25 18:46:26.790000+00:00,111,0.0,0,555,7,1
cajegamer,0,0,,2025-05-05 11:12:18.565000+00:00,2025-05-05 11:12:18.565000+00:00,18,0.0,0,90,1,1
_aikodomo,0,0,,2024-05-13 03:25:05.046000+00:00,2024-05-13 03:25:05.046000+00:00,111,0.0,0,555,7,1
ayame_rikku,0,0,,2024-02-07 16:30:16.918000+00:00,2024-02-07 16:30:16.918000+00:00,111,0.0,0,555,7,1
schenkyou1,0,0,,2024-11-20 03:47:00.726000+00:00,2024-11-20 03:47:00.726000+00:00,111,0.0,0,555,7,1
gkinon,0,0,,2024-09-25 08:49:16.789000+00:00,2024-09-25 08:49:16.789000+00:00,111,0.0,0,555,7,1
_keizou,0,0,,2024-05-05 13:15:54.529000+00:00,2024-05-05 13:15:54.529000+00:00,111,0.0,0,555,7,1
akrilos,0,0,,2024-09-25 08:15:12.891000+00:00,2024-09-25 08:15:12.891000+00:00,111,0.0,0,555,7,1
bakedvader,0,0,,2024-12-17 06:30:04.082000+00:00,2024-12-17 06:30:04.082000+00:00,111,0.0,0,555,7,1
anaz,0,0,,2025-05-15 17:25:19.487000+00:00,2025-05-15 17:25:19.487000+00:00,7,0.0,0,35,0,1
korbi93.,0,0,,2024-04-24 16:30:12.117000+00:00,2024-04-24 16:30:12.117000+00:00,111,0.0,0,555,7,1
charos12,0,0,,2024-04-27 07:31:19.355000+00:00,2024-04-27 07:31:19.355000+00:00,111,0.0,0,555,7,1
olusiaa,0,0,,2024-04-29 17:55:56.186000+00:00,2024-04-29 17:55:56.186000+00:00,111,0.0,0,555,7,1
drewshepard,0,0,,2024-04-24 21:00:15.952000+00:00,2024-04-24 21:00:15.952000+00:00,111,0.0,0,555,7,1
iceyboy9892,0,0,,2024-02-07 16:38:46.629000+00:00,2024-02-07 16:38:46.629000+00:00,111,0.0,0,555,7,1
playerphones,0,0,,2024-11-21 18:40:30.846000+00:00,2024-11-21 18:40:30.846000+00:00,111,0.0,0,555,7,1
parakissyuuko,0,0,,2024-10-09 01:36:11.478000+00:00,2024-10-09 01:36:11.478000+00:00,111,0.0,0,555,7,1
meninblack142,0,0,,2024-03-14 02:26:44.257000+00:00,2024-03-14 02:26:44.257000+00:00,111,0.0,0,555,7,1
azurenight,0,0,,2025-04-08 18:58:14.999000+00:00,2025-04-08 18:58:14.999000+00:00,44,0.0,0,220,3,1
jackolantern_7006,0,0,,2024-05-25 20:22:39.146000+00:00,2024-05-25 20:22:39.146000+00:00,111,0.0,0,555,7,1
human.blue,0,0,,2024-06-02 14:21:53.979000+00:00,2024-06-02 14:21:53.979000+00:00,111,0.0,0,555,7,1
nyafk,0,0,,2024-03-27 12:51:32.601000+00:00,2024-03-27 12:51:32.601000+00:00,111,0.0,0,555,7,1
freshprince28,0,0,,2024-04-02 19:11:15.199000+00:00,2024-04-02 19:11:15.199000+00:00,111,0.0,0,555,7,1
onixx_0,0,0,,2025-03-10 20:01:41.650000+00:00,2025-03-10 20:01:41.650000+00:00,73,0.0,0,365,5,1
bitedgy,16,644,2025-04-25 16:34:26.197000+00:00,2025-04-25 16:34:07.611000+00:00,2025-04-25 16:34:07.611000+00:00,27,0.4757466399583284,0,135,1,1
gadgetraven,0,0,,2024-04-18 03:44:35.843000+00:00,2024-04-18 03:44:35.843000+00:00,111,0.0,0,555,7,1
ganeshram,0,0,,2024-04-01 06:53:15.875000+00:00,2024-04-01 06:53:15.875000+00:00,111,0.0,0,555,7,1
zkkyn,0,0,,2024-05-05 12:01:23.350000+00:00,2024-05-05 12:01:23.350000+00:00,111,0.0,0,555,7,1
.raydox,0,0,,2024-11-30 13:59:21.529000+00:00,2024-11-30 13:59:21.529000+00:00,111,0.0,0,555,7,1
_._testament_._,0,0,,2024-04-26 23:00:08.897000+00:00,2024-04-26 23:00:08.897000+00:00,111,0.0,0,555,7,1
shadowfied,0,0,,2024-04-11 15:15:59.624000+00:00,2024-04-11 15:15:59.624000+00:00,111,0.0,0,555,7,1
lapdragon,0,0,,2024-03-20 23:05:32.439000+00:00,2024-03-20 23:05:32.439000+00:00,111,0.0,0,555,7,1
raycab,0,0,,2024-02-13 11:05:58.708000+00:00,2024-02-13 11:05:58.708000+00:00,111,0.0,0,555,7,1
nerrad7092,0,0,,2024-05-06 01:07:05.088000+00:00,2024-05-06 01:07:05.088000+00:00,111,0.0,0,555,7,1
danglermcdoodle,0,0,,2024-11-24 22:51:13.369000+00:00,2024-11-24 22:51:13.369000+00:00,111,0.0,0,555,7,1
vii_0319,0,0,,2024-04-29 00:48:03.897000+00:00,2024-04-29 00:48:03.897000+00:00,111,0.0,0,555,7,1
dr4g0nk0,0,0,,2025-05-16 22:21:49.312000+00:00,2025-05-16 22:21:49.312000+00:00,6,0.0,0,30,0,1
frank.frank.frank,0,0,,2025-03-26 02:13:31.036000+00:00,2025-03-26 02:13:31.036000+00:00,58,0.0,0,290,4,1
liv3rport,0,0,,2024-09-25 07:38:44.421000+00:00,2024-09-25 07:38:44.421000+00:00,111,0.0,0,555,7,1
frost_1501,0,0,,2024-03-10 21:41:07.943000+00:00,2024-03-10 21:41:07.943000+00:00,111,0.0,0,555,7,1
young_gamer,0,0,,2025-03-30 16:12:33.358000+00:00,2025-03-30 16:12:33.358000+00:00,53,0.0,0,265,3,1
irgenddc,0,0,,2024-12-28 18:24:54.480000+00:00,2024-12-28 18:24:54.480000+00:00,111,0.0,0,555,7,1
adenosin_sintrifosfato,0,0,,2024-11-27 16:40:11.548000+00:00,2024-11-27 16:40:11.548000+00:00,111,0.0,0,555,7,1
chuckdad1027,0,0,,2024-04-25 22:43:10.184000+00:00,2024-04-25 22:43:10.184000+00:00,111,0.0,0,555,7,1
biglinguine,0,0,,2024-12-04 20:03:58.247000+00:00,2024-12-04 20:03:58.247000+00:00,111,0.0,0,555,7,1
enhdros,0,0,,2025-03-13 20:02:15.778000+00:00,2025-03-13 20:02:15.778000+00:00,70,0.0,0,350,5,1
hardtacocats,0,0,,2024-04-25 15:07:17.511000+00:00,2024-04-25 15:07:17.511000+00:00,111,0.0,0,555,7,1
viperine8462,0,0,,2025-02-15 08:51:32.398000+00:00,2025-02-15 08:51:32.398000+00:00,97,0.0,0,485,6,1
xstriker809,0,0,,2024-06-03 01:26:58.832000+00:00,2024-06-03 01:26:58.832000+00:00,111,0.0,0,555,7,1
cucumis.s,0,0,,2024-06-21 00:50:03.627000+00:00,2024-06-21 00:50:03.627000+00:00,111,0.0,0,555,7,1
purefyd,0,0,,2024-05-27 13:25:36.435000+00:00,2024-05-27 13:25:36.435000+00:00,111,0.0,0,555,7,1
gio_edgecrusher,0,0,,2024-07-06 07:15:09.153000+00:00,2024-07-06 07:15:09.153000+00:00,111,0.0,0,555,7,1
daemonraco,0,0,,2024-02-25 19:25:41.661000+00:00,2024-02-25 19:25:41.661000+00:00,111,0.0,0,555,7,1
marshali,0,0,,2024-09-25 03:05:29.244000+00:00,2024-09-25 03:05:29.244000+00:00,111,0.0,0,555,7,1
drkelfcharmer,0,0,,2024-10-11 02:51:24.377000+00:00,2024-10-11 02:51:24.377000+00:00,111,0.0,0,555,7,1
lov,0,0,,2024-06-25 03:29:49.732000+00:00,2024-06-25 03:29:49.732000+00:00,111,0.0,0,555,7,1
grafeld.,0,0,,2024-04-28 22:02:04.697000+00:00,2024-04-28 22:02:04.697000+00:00,111,0.0,0,555,7,1
ajillysandwich,37,4661,2025-05-19 02:22:28.692000+00:00,2025-05-19 02:20:53.763000+00:00,2025-05-19 02:20:53.763000+00:00,4,1.3774174194995852,1,20,0,1
hex2252,0,0,,2024-02-03 14:04:42.097000+00:00,2024-02-03 14:04:42.097000+00:00,111,0.0,0,555,7,1
videlenjoyer,0,0,,2024-05-03 03:50:40.528000+00:00,2024-05-03 03:50:40.528000+00:00,111,0.0,0,555,7,1
